Model,Stage,Class,Species,Precision,Recall,F1-score,Support,Accuracy
LDA,Baseline,A,S. aureus,0.6131,0.6426,0.6275,1080,
LDA,Baseline,C,S. capitis,0.5729,0.6148,0.5931,1080,
LDA,Baseline,E,S. epidermidis,0.6559,0.6389,0.6473,1080,
LDA,Baseline,H,S. haemolyticus,0.593,0.5491,0.5702,1080,
LDA,Baseline,S,C. striatum,0.6244,0.6111,0.6177,1080,
LDA,Baseline,Overall Accuracy,,,,,,0.6113
LDA,Top Features,A,S. aureus,0.5434,0.5741,0.5583,1080,
LDA,Top Features,C,S. capitis,0.5457,0.5917,0.5677,1080,
LDA,Top Features,E,S. epidermidis,0.6159,0.6028,0.6093,1080,
LDA,Top Features,H,S. haemolyticus,0.5374,0.5056,0.521,1080,
LDA,Top Features,S,C. striatum,0.5567,0.5231,0.5394,1080,
LDA,Top Features,Overall Accuracy,,,,,,0.5594
LDA,Tuned,A,S. aureus,0.5364,0.5806,0.5576,1080,
LDA,Tuned,C,S. capitis,0.56,0.6046,0.5815,1080,
LDA,Tuned,E,S. epidermidis,0.6227,0.5991,0.6107,1080,
LDA,Tuned,H,S. haemolyticus,0.5478,0.5148,0.5308,1080,
LDA,Tuned,S,C. striatum,0.5678,0.5315,0.549,1080,
LDA,Tuned,Overall Accuracy,,,,,,0.5661
Logistic Regression,Baseline,A,S. aureus,0.5798,0.5889,0.5843,1080,
Logistic Regression,Baseline,C,S. capitis,0.5947,0.6046,0.5996,1080,
Logistic Regression,Baseline,E,S. epidermidis,0.6256,0.625,0.6253,1080,
Logistic Regression,Baseline,H,S. haemolyticus,0.5626,0.5491,0.5558,1080,
Logistic Regression,Baseline,S,C. striatum,0.555,0.5509,0.553,1080,
Logistic Regression,Baseline,Overall Accuracy,,,,,,0.5837
Logistic Regression,Top Features,A,S. aureus,0.5315,0.5306,0.531,1080,
Logistic Regression,Top Features,C,S. capitis,0.5553,0.5676,0.5614,1080,
Logistic Regression,Top Features,E,S. epidermidis,0.586,0.5833,0.5847,1080,
Logistic Regression,Top Features,H,S. haemolyticus,0.5235,0.5056,0.5144,1080,
Logistic Regression,Top Features,S,C. striatum,0.5482,0.5583,0.5532,1080,
Logistic Regression,Top Features,Overall Accuracy,,,,,,0.5491
Logistic Regression,Tuned,A,S. aureus,0.5878,0.5704,0.5789,1080,
Logistic Regression,Tuned,C,S. capitis,0.5821,0.6074,0.5945,1080,
Logistic Regression,Tuned,E,S. epidermidis,0.6267,0.6389,0.6327,1080,
Logistic Regression,Tuned,H,S. haemolyticus,0.5805,0.5444,0.5619,1080,
Logistic Regression,Tuned,S,C. striatum,0.595,0.612,0.6034,1080,
Logistic Regression,Tuned,Overall Accuracy,,,,,,0.5946
Random Forest,Baseline,A,S. aureus,0.7346,0.8176,0.7739,1080,
Random Forest,Baseline,C,S. capitis,0.7326,0.7889,0.7597,1080,
Random Forest,Baseline,E,S. epidermidis,0.8099,0.8009,0.8054,1080,
Random Forest,Baseline,H,S. haemolyticus,0.7699,0.6972,0.7318,1080,
Random Forest,Baseline,S,C. striatum,0.7765,0.7111,0.7424,1080,
Random Forest,Baseline,Overall Accuracy,,,,,,0.7631
Random Forest,Top Features,A,S. aureus,0.7511,0.8102,0.7795,1080,
Random Forest,Top Features,C,S. capitis,0.7397,0.7787,0.7587,1080,
Random Forest,Top Features,E,S. epidermidis,0.7957,0.7861,0.7909,1080,
Random Forest,Top Features,H,S. haemolyticus,0.7443,0.6954,0.719,1080,
Random Forest,Top Features,S,C. striatum,0.7671,0.7259,0.746,1080,
Random Forest,Top Features,Overall Accuracy,,,,,,0.7593
Random Forest,Tuned,A,S. aureus,0.8043,0.8602,0.8313,1080,
Random Forest,Tuned,C,S. capitis,0.8152,0.813,0.8141,1080,
Random Forest,Tuned,E,S. epidermidis,0.8647,0.8463,0.8554,1080,
Random Forest,Tuned,H,S. haemolyticus,0.7875,0.7963,0.7919,1080,
Random Forest,Tuned,S,C. striatum,0.8312,0.7843,0.8071,1080,
Random Forest,Tuned,Overall Accuracy,,,,,,0.82
SVM,Baseline,A,S. aureus,0.7847,0.7694,0.777,1080,
SVM,Baseline,C,S. capitis,0.746,0.7806,0.7629,1080,
SVM,Baseline,E,S. epidermidis,0.8432,0.8019,0.822,1080,
SVM,Baseline,H,S. haemolyticus,0.7927,0.7611,0.7766,1080,
SVM,Baseline,S,C. striatum,0.7672,0.8148,0.7903,1080,
SVM,Baseline,Overall Accuracy,,,,,,0.7856
SVM,Top Features,A,S. aureus,0.74,0.738,0.739,1080,
SVM,Top Features,C,S. capitis,0.7157,0.762,0.7381,1080,
SVM,Top Features,E,S. epidermidis,0.8361,0.7843,0.8094,1080,
SVM,Top Features,H,S. haemolyticus,0.7729,0.7278,0.7496,1080,
SVM,Top Features,S,C. striatum,0.7384,0.7815,0.7593,1080,
SVM,Top Features,Overall Accuracy,,,,,,0.7587
SVM,Tuned,A,S. aureus,0.749,0.7296,0.7392,1080,
SVM,Tuned,C,S. capitis,0.7453,0.7667,0.7558,1080,
SVM,Tuned,E,S. epidermidis,0.8534,0.787,0.8189,1080,
SVM,Tuned,H,S. haemolyticus,0.7641,0.7407,0.7522,1080,
SVM,Tuned,S,C. striatum,0.7203,0.7963,0.7564,1080,
SVM,Tuned,Overall Accuracy,,,,,,0.7641
XGBoost,Baseline,A,S. aureus,0.7566,0.7917,0.7738,1080,
XGBoost,Baseline,C,S. capitis,0.7451,0.7685,0.7566,1080,
XGBoost,Baseline,E,S. epidermidis,0.7758,0.7787,0.7773,1080,
XGBoost,Baseline,H,S. haemolyticus,0.7519,0.7185,0.7348,1080,
XGBoost,Baseline,S,C. striatum,0.7635,0.7352,0.7491,1080,
XGBoost,Baseline,Overall Accuracy,,,,,,0.7585
XGBoost,Top Features,A,S. aureus,0.7443,0.7602,0.7522,1080,
XGBoost,Top Features,C,S. capitis,0.7211,0.7685,0.7441,1080,
XGBoost,Top Features,E,S. epidermidis,0.7937,0.7444,0.7683,1080,
XGBoost,Top Features,H,S. haemolyticus,0.7307,0.7009,0.7155,1080,
XGBoost,Top Features,S,C. striatum,0.7201,0.7315,0.7258,1080,
XGBoost,Top Features,Overall Accuracy,,,,,,0.7411
XGBoost,Tuned,A,S. aureus,0.7627,0.7917,0.7769,1080,
XGBoost,Tuned,C,S. capitis,0.7369,0.7833,0.7594,1080,
XGBoost,Tuned,E,S. epidermidis,0.8055,0.763,0.7836,1080,
XGBoost,Tuned,H,S. haemolyticus,0.7439,0.7019,0.7222,1080,
XGBoost,Tuned,S,C. striatum,0.742,0.7481,0.745,1080,
XGBoost,Tuned,Overall Accuracy,,,,,,0.7576