Model,Stage,Class,Condition,Precision,Recall,F1-score,Support,Reported Metric,Reported Value
Logistic Regression,Baseline,CoNS-Only,CoNS-Only,0.7834,0.7145,0.7474,648,,
Logistic Regression,Baseline,CoNS + S. aureus,CoNS + S. aureus,0.9075,0.9342,0.9207,1944,,
Logistic Regression,Baseline,Overall Macro F1,,,,,,Macro F1,0.834
Logistic Regression,Top Features,CoNS-Only,CoNS-Only,0.7067,0.6543,0.6795,648,,
Logistic Regression,Top Features,CoNS + S. aureus,CoNS + S. aureus,0.8876,0.9095,0.8984,1944,,
Logistic Regression,Top Features,Overall Macro F1,,,,,,Macro F1,0.7889
Logistic Regression,Tuned,CoNS-Only,CoNS-Only,0.7067,0.6543,0.6795,648,,
Logistic Regression,Tuned,CoNS + S. aureus,CoNS + S. aureus,0.8876,0.9095,0.8984,1944,,
Logistic Regression,Tuned,Overall Macro F1,,,,,,Macro F1,0.7889
LDA,Baseline,CoNS-Only,CoNS-Only,0.7858,0.7191,0.751,648,,
LDA,Baseline,CoNS + S. aureus,CoNS + S. aureus,0.909,0.9347,0.9216,1944,,
LDA,Baseline,Overall Macro F1,,,,,,Macro F1,0.8363
LDA,Top Features,CoNS-Only,CoNS-Only,0.7436,0.6713,0.7056,648,,
LDA,Top Features,CoNS + S. aureus,CoNS + S. aureus,0.8939,0.9228,0.9081,1944,,
LDA,Top Features,Overall Macro F1,,,,,,Macro F1,0.8069
LDA,Tuned,CoNS-Only,CoNS-Only,0.7478,0.6682,0.7058,648,,
LDA,Tuned,CoNS + S. aureus,CoNS + S. aureus,0.8932,0.9249,0.9088,1944,,
LDA,Tuned,Overall Macro F1,,,,,,Macro F1,0.8073
SVM,Baseline,CoNS-Only,CoNS-Only,0.9329,0.6867,0.7911,648,,
SVM,Baseline,CoNS + S. aureus,CoNS + S. aureus,0.904,0.9835,0.9421,1944,,
SVM,Baseline,Overall Macro F1,,,,,,Macro F1,0.8666
SVM,Top Features,CoNS-Only,CoNS-Only,0.8686,0.6327,0.7321,648,,
SVM,Top Features,CoNS + S. aureus,CoNS + S. aureus,0.8877,0.9681,0.9262,1944,,
SVM,Top Features,Overall Macro F1,,,,,,Macro F1,0.8292
SVM,Tuned,CoNS-Only,CoNS-Only,0.7899,0.6728,0.7267,648,,
SVM,Tuned,CoNS + S. aureus,CoNS + S. aureus,0.8961,0.9403,0.9177,1944,,
SVM,Tuned,Overall Macro F1,,,,,,Macro F1,0.8222
Random Forest,Baseline,CoNS-Only,CoNS-Only,0.9753,0.3657,0.532,648,,
Random Forest,Baseline,CoNS + S. aureus,CoNS + S. aureus,0.825,0.9969,0.9029,1944,,
Random Forest,Baseline,Overall Macro F1,,,,,,Macro F1,0.7174
Random Forest,Top Features,CoNS-Only,CoNS-Only,0.7736,0.4799,0.5924,648,,
Random Forest,Top Features,CoNS + S. aureus,CoNS + S. aureus,0.8461,0.9532,0.8965,1944,,
Random Forest,Top Features,Overall Macro F1,,,,,,Macro F1,0.7444
Random Forest,Tuned,CoNS-Only,CoNS-Only,0.7024,0.4444,0.5444,648,,
Random Forest,Tuned,CoNS + S. aureus,CoNS + S. aureus,0.835,0.9372,0.8832,1944,,
Random Forest,Tuned,Overall Macro F1,,,,,,Macro F1,0.7138
XGBoost,Baseline,CoNS-Only,CoNS-Only,0.8632,0.4676,0.6066,648,,
XGBoost,Baseline,CoNS + S. aureus,CoNS + S. aureus,0.8461,0.9753,0.9061,1944,,
XGBoost,Baseline,Overall Macro F1,,,,,,Macro F1,0.7563
XGBoost,Top Features,CoNS-Only,CoNS-Only,0.8288,0.4259,0.5627,648,,
XGBoost,Top Features,CoNS + S. aureus,CoNS + S. aureus,0.8353,0.9707,0.8979,1944,,
XGBoost,Top Features,Overall Macro F1,,,,,,Macro F1,0.7303
XGBoost,Tuned,CoNS-Only,CoNS-Only,0.8246,0.4861,0.6117,648,,
XGBoost,Tuned,CoNS + S. aureus,CoNS + S. aureus,0.8493,0.9655,0.9037,1944,,
XGBoost,Tuned,Overall Macro F1,,,,,,Macro F1,0.7577