ModelFolder,Model,StageRaw,Stage,OuterFold,HeldOutGroup,N_Test_Rows,Accuracy,MacroF1,PositiveClassF1,Sensitivity,Specificity
Logistic_Regression,Logistic Regression,Baseline,Baseline,1,Subject_2_Session1,144,0.395833333,0.366472819,0.502857143,0.611111111,0.180555556
Logistic_Regression,Logistic Regression,TopFeatures,Top Features,1,Subject_2_Session1,144,0.361111111,0.342857143,0.452380952,0.527777778,0.194444444
Logistic_Regression,Logistic Regression,Tuned,Tuned,1,Subject_2_Session1,144,0.375,0.353938185,0.470588235,0.555555556,0.194444444
Logistic_Regression,Logistic Regression,Baseline,Baseline,2,Subject_2_Session10,144,0.395833333,0.395804196,0.391608392,0.388888889,0.402777778
Logistic_Regression,Logistic Regression,TopFeatures,Top Features,2,Subject_2_Session10,144,0.416666667,0.416666667,0.416666667,0.416666667,0.416666667
Logistic_Regression,Logistic Regression,Tuned,Tuned,2,Subject_2_Session10,144,0.416666667,0.416666667,0.416666667,0.416666667,0.416666667
Logistic_Regression,Logistic Regression,Baseline,Baseline,3,Subject_2_Session2,144,0.638888889,0.636363636,0.606060606,0.555555556,0.722222222
Logistic_Regression,Logistic Regression,TopFeatures,Top Features,3,Subject_2_Session2,144,0.541666667,0.534391534,0.476190476,0.416666667,0.666666667
Logistic_Regression,Logistic Regression,Tuned,Tuned,3,Subject_2_Session2,144,0.527777778,0.516492198,0.442622951,0.375,0.680555556
Logistic_Regression,Logistic Regression,Baseline,Baseline,4,Subject_2_Session3,144,0.479166667,0.476109629,0.436090226,0.402777778,0.555555556
Logistic_Regression,Logistic Regression,TopFeatures,Top Features,4,Subject_2_Session3,144,0.541666667,0.532651456,0.467741935,0.402777778,0.680555556
Logistic_Regression,Logistic Regression,Tuned,Tuned,4,Subject_2_Session3,144,0.534722222,0.524611973,0.455284553,0.388888889,0.680555556
Logistic_Regression,Logistic Regression,Baseline,Baseline,5,Subject_2_Session4,144,0.625,0.617623918,0.670731707,0.763888889,0.486111111
Logistic_Regression,Logistic Regression,TopFeatures,Top Features,5,Subject_2_Session4,144,0.5625,0.544006032,0.63583815,0.763888889,0.361111111
Logistic_Regression,Logistic Regression,Tuned,Tuned,5,Subject_2_Session4,144,0.541666667,0.507360564,0.637362637,0.805555556,0.277777778
Logistic_Regression,Logistic Regression,Baseline,Baseline,6,Subject_2_Session5,144,0.486111111,0.477954145,0.543209877,0.611111111,0.361111111
Logistic_Regression,Logistic Regression,TopFeatures,Top Features,6,Subject_2_Session5,144,0.423611111,0.391662849,0.531073446,0.652777778,0.194444444
Logistic_Regression,Logistic Regression,Tuned,Tuned,6,Subject_2_Session5,144,0.423611111,0.391662849,0.531073446,0.652777778,0.194444444
Logistic_Regression,Logistic Regression,Baseline,Baseline,7,Subject_2_Session6,144,0.708333333,0.707430341,0.691176471,0.652777778,0.763888889
Logistic_Regression,Logistic Regression,TopFeatures,Top Features,7,Subject_2_Session6,144,0.493055556,0.491854788,0.516556291,0.541666667,0.444444444
Logistic_Regression,Logistic Regression,Tuned,Tuned,7,Subject_2_Session6,144,0.520833333,0.518954248,0.549019608,0.583333333,0.458333333
Logistic_Regression,Logistic Regression,Baseline,Baseline,8,Subject_2_Session7,144,0.659722222,0.654912701,0.695652174,0.777777778,0.541666667
Logistic_Regression,Logistic Regression,TopFeatures,Top Features,8,Subject_2_Session7,144,0.548611111,0.548415111,0.557823129,0.569444444,0.527777778
Logistic_Regression,Logistic Regression,Tuned,Tuned,8,Subject_2_Session7,144,0.5625,0.561463721,0.582781457,0.611111111,0.513888889
Logistic_Regression,Logistic Regression,Baseline,Baseline,9,Subject_2_Session8,144,0.5,0.485714286,0.4,0.333333333,0.666666667
Logistic_Regression,Logistic Regression,TopFeatures,Top Features,9,Subject_2_Session8,144,0.527777778,0.509222133,0.413793103,0.333333333,0.722222222
Logistic_Regression,Logistic Regression,Tuned,Tuned,9,Subject_2_Session8,144,0.527777778,0.506352087,0.403508772,0.319444444,0.736111111
Logistic_Regression,Logistic Regression,Baseline,Baseline,10,Subject_2_Session9,72,0.402777778,0.287128713,0.574257426,0.402777778,
Logistic_Regression,Logistic Regression,TopFeatures,Top Features,10,Subject_2_Session9,72,0.722222222,0.419354839,0.838709677,0.722222222,
Logistic_Regression,Logistic Regression,Tuned,Tuned,10,Subject_2_Session9,72,0.722222222,0.419354839,0.838709677,0.722222222,
LDA,LDA,Baseline,Baseline,1,Subject_2_Session1,144,0.354166667,0.330634278,0.456140351,0.541666667,0.166666667
LDA,LDA,TopFeatures,Top Features,1,Subject_2_Session1,144,0.416666667,0.405192762,0.487804878,0.555555556,0.277777778
LDA,LDA,Tuned,Tuned,1,Subject_2_Session1,144,0.388888889,0.376868607,0.463414634,0.527777778,0.25
LDA,LDA,Baseline,Baseline,2,Subject_2_Session10,144,0.333333333,0.33126935,0.368421053,0.388888889,0.277777778
LDA,LDA,TopFeatures,Top Features,2,Subject_2_Session10,144,0.333333333,0.333204708,0.342465753,0.347222222,0.319444444
LDA,LDA,Tuned,Tuned,2,Subject_2_Session10,144,0.333333333,0.333204708,0.342465753,0.347222222,0.319444444
LDA,LDA,Baseline,Baseline,3,Subject_2_Session2,144,0.652777778,0.651702786,0.632352941,0.597222222,0.708333333
LDA,LDA,TopFeatures,Top Features,3,Subject_2_Session2,144,0.472222222,0.467185979,0.415384615,0.375,0.569444444
LDA,LDA,Tuned,Tuned,3,Subject_2_Session2,144,0.472222222,0.467185979,0.415384615,0.375,0.569444444
LDA,LDA,Baseline,Baseline,4,Subject_2_Session3,144,0.479166667,0.477124183,0.444444444,0.416666667,0.541666667
LDA,LDA,TopFeatures,Top Features,4,Subject_2_Session3,144,0.513888889,0.513795099,0.520547945,0.527777778,0.5
LDA,LDA,Tuned,Tuned,4,Subject_2_Session3,144,0.513888889,0.513888889,0.513888889,0.513888889,0.513888889
LDA,LDA,Baseline,Baseline,5,Subject_2_Session4,144,0.638888889,0.631785995,0.682926829,0.777777778,0.5
LDA,LDA,TopFeatures,Top Features,5,Subject_2_Session4,144,0.506944444,0.472091702,0.607734807,0.763888889,0.25
LDA,LDA,Tuned,Tuned,5,Subject_2_Session4,144,0.506944444,0.472091702,0.607734807,0.763888889,0.25
LDA,LDA,Baseline,Baseline,6,Subject_2_Session5,144,0.361111111,0.361111111,0.361111111,0.361111111,0.361111111
LDA,LDA,TopFeatures,Top Features,6,Subject_2_Session5,144,0.4375,0.434198399,0.477419355,0.513888889,0.361111111
LDA,LDA,Tuned,Tuned,6,Subject_2_Session5,144,0.4375,0.434198399,0.477419355,0.513888889,0.361111111
LDA,LDA,Baseline,Baseline,7,Subject_2_Session6,144,0.722222222,0.721362229,0.736842105,0.777777778,0.666666667
LDA,LDA,TopFeatures,Top Features,7,Subject_2_Session6,144,0.631944444,0.618533513,0.547008547,0.444444444,0.819444444
LDA,LDA,Tuned,Tuned,7,Subject_2_Session6,144,0.631944444,0.618533513,0.547008547,0.444444444,0.819444444
LDA,LDA,Baseline,Baseline,8,Subject_2_Session7,144,0.729166667,0.720749838,0.769230769,0.902777778,0.555555556
LDA,LDA,TopFeatures,Top Features,8,Subject_2_Session7,144,0.75,0.741575274,0.788235294,0.930555556,0.569444444
LDA,LDA,Tuned,Tuned,8,Subject_2_Session7,144,0.75,0.741575274,0.788235294,0.930555556,0.569444444
LDA,LDA,Baseline,Baseline,9,Subject_2_Session8,144,0.472222222,0.441062308,0.309090909,0.236111111,0.708333333
LDA,LDA,TopFeatures,Top Features,9,Subject_2_Session8,144,0.444444444,0.40286129,0.245283019,0.180555556,0.708333333
LDA,LDA,Tuned,Tuned,9,Subject_2_Session8,144,0.444444444,0.40286129,0.245283019,0.180555556,0.708333333
LDA,LDA,Baseline,Baseline,10,Subject_2_Session9,72,0.25,0.2,0.4,0.25,
LDA,LDA,TopFeatures,Top Features,10,Subject_2_Session9,72,0.402777778,0.287128713,0.574257426,0.402777778,
LDA,LDA,Tuned,Tuned,10,Subject_2_Session9,72,0.402777778,0.287128713,0.574257426,0.402777778,
SVM,SVM,Baseline,Baseline,1,Subject_2_Session1,144,0.4375,0.376623377,0.571428571,0.75,0.125
SVM,SVM,TopFeatures,Top Features,1,Subject_2_Session1,144,0.458333333,0.433756806,0.551724138,0.666666667,0.25
SVM,SVM,Tuned,Tuned,1,Subject_2_Session1,144,0.395833333,0.370294044,0.497109827,0.597222222,0.194444444
SVM,SVM,Baseline,Baseline,2,Subject_2_Session10,144,0.347222222,0.334382376,0.426829268,0.486111111,0.208333333
SVM,SVM,TopFeatures,Top Features,2,Subject_2_Session10,144,0.423611111,0.422915359,0.402877698,0.388888889,0.458333333
SVM,SVM,Tuned,Tuned,2,Subject_2_Session10,144,0.368055556,0.366558708,0.397350993,0.416666667,0.319444444
SVM,SVM,Baseline,Baseline,3,Subject_2_Session2,144,0.625,0.621421616,0.658227848,0.722222222,0.527777778
SVM,SVM,TopFeatures,Top Features,3,Subject_2_Session2,144,0.597222222,0.596911197,0.608108108,0.625,0.569444444
SVM,SVM,Tuned,Tuned,3,Subject_2_Session2,144,0.534722222,0.534160591,0.517985612,0.5,0.569444444
SVM,SVM,Baseline,Baseline,4,Subject_2_Session3,144,0.486111111,0.482517483,0.439393939,0.402777778,0.569444444
SVM,SVM,TopFeatures,Top Features,4,Subject_2_Session3,144,0.513888889,0.513043478,0.492753623,0.472222222,0.555555556
SVM,SVM,Tuned,Tuned,4,Subject_2_Session3,144,0.5625,0.559932088,0.526315789,0.486111111,0.638888889
SVM,SVM,Baseline,Baseline,5,Subject_2_Session4,144,0.541666667,0.511111111,0.633333333,0.791666667,0.291666667
SVM,SVM,TopFeatures,Top Features,5,Subject_2_Session4,144,0.527777778,0.483870968,0.634408602,0.819444444,0.236111111
SVM,SVM,Tuned,Tuned,5,Subject_2_Session4,144,0.527777778,0.499897855,0.617977528,0.763888889,0.291666667
SVM,SVM,Baseline,Baseline,6,Subject_2_Session5,144,0.534722222,0.512111252,0.617142857,0.75,0.319444444
SVM,SVM,TopFeatures,Top Features,6,Subject_2_Session5,144,0.534722222,0.505509712,0.625698324,0.777777778,0.291666667
SVM,SVM,Tuned,Tuned,6,Subject_2_Session5,144,0.4375,0.402183384,0.547486034,0.680555556,0.194444444
SVM,SVM,Baseline,Baseline,7,Subject_2_Session6,144,0.743055556,0.742943986,0.74829932,0.763888889,0.722222222
SVM,SVM,TopFeatures,Top Features,7,Subject_2_Session6,144,0.597222222,0.596911197,0.608108108,0.625,0.569444444
SVM,SVM,Tuned,Tuned,7,Subject_2_Session6,144,0.520833333,0.518954248,0.549019608,0.583333333,0.458333333
SVM,SVM,Baseline,Baseline,8,Subject_2_Session7,144,0.638888889,0.62671984,0.694117647,0.819444444,0.458333333
SVM,SVM,TopFeatures,Top Features,8,Subject_2_Session7,144,0.541666667,0.532651456,0.597560976,0.680555556,0.402777778
SVM,SVM,Tuned,Tuned,8,Subject_2_Session7,144,0.486111111,0.486011962,0.493150685,0.5,0.472222222
SVM,SVM,Baseline,Baseline,9,Subject_2_Session8,144,0.458333333,0.44973545,0.380952381,0.333333333,0.583333333
SVM,SVM,TopFeatures,Top Features,9,Subject_2_Session8,144,0.458333333,0.44973545,0.380952381,0.333333333,0.583333333
SVM,SVM,Tuned,Tuned,9,Subject_2_Session8,144,0.472222222,0.470588235,0.441176471,0.416666667,0.527777778
SVM,SVM,Baseline,Baseline,10,Subject_2_Session9,72,0.833333333,0.454545455,0.909090909,0.833333333,
SVM,SVM,TopFeatures,Top Features,10,Subject_2_Session9,72,0.652777778,0.394957983,0.789915966,0.652777778,
SVM,SVM,Tuned,Tuned,10,Subject_2_Session9,72,0.458333333,0.314285714,0.628571429,0.458333333,
Random_Forest,Random Forest,Baseline,Baseline,1,Subject_2_Session1,144,0.423611111,0.423583313,0.41958042,0.416666667,0.430555556
Random_Forest,Random Forest,TopFeatures,Top Features,1,Subject_2_Session1,144,0.395833333,0.362345396,0.216216216,0.166666667,0.625
Random_Forest,Random Forest,Tuned,Tuned,1,Subject_2_Session1,144,0.354166667,0.326866047,0.191304348,0.152777778,0.555555556
Random_Forest,Random Forest,Baseline,Baseline,2,Subject_2_Session10,144,0.590277778,0.588671024,0.614379085,0.652777778,0.527777778
Random_Forest,Random Forest,TopFeatures,Top Features,2,Subject_2_Session10,144,0.520833333,0.519698361,0.496350365,0.472222222,0.569444444
Random_Forest,Random Forest,Tuned,Tuned,2,Subject_2_Session10,144,0.506944444,0.502892984,0.458015267,0.416666667,0.597222222
Random_Forest,Random Forest,Baseline,Baseline,3,Subject_2_Session2,144,0.618055556,0.618037135,0.615384615,0.611111111,0.625
Random_Forest,Random Forest,TopFeatures,Top Features,3,Subject_2_Session2,144,0.4375,0.432877911,0.484076433,0.527777778,0.347222222
Random_Forest,Random Forest,Tuned,Tuned,3,Subject_2_Session2,144,0.472222222,0.471304348,0.493333333,0.513888889,0.430555556
Random_Forest,Random Forest,Baseline,Baseline,4,Subject_2_Session3,144,0.548611111,0.548415111,0.539007092,0.527777778,0.569444444
Random_Forest,Random Forest,TopFeatures,Top Features,4,Subject_2_Session3,144,0.701388889,0.701374488,0.699300699,0.694444444,0.708333333
Random_Forest,Random Forest,Tuned,Tuned,4,Subject_2_Session3,144,0.722222222,0.722168628,0.726027397,0.736111111,0.708333333
Random_Forest,Random Forest,Baseline,Baseline,5,Subject_2_Session4,144,0.402777778,0.385714286,0.488095238,0.569444444,0.236111111
Random_Forest,Random Forest,TopFeatures,Top Features,5,Subject_2_Session4,144,0.416666667,0.402725657,0.493975904,0.569444444,0.263888889
Random_Forest,Random Forest,Tuned,Tuned,5,Subject_2_Session4,144,0.4375,0.422774286,0.51497006,0.597222222,0.277777778
Random_Forest,Random Forest,Baseline,Baseline,6,Subject_2_Session5,144,0.590277778,0.550166781,0.684491979,0.888888889,0.291666667
Random_Forest,Random Forest,TopFeatures,Top Features,6,Subject_2_Session5,144,0.659722222,0.6408612,0.723163842,0.888888889,0.430555556
Random_Forest,Random Forest,Tuned,Tuned,6,Subject_2_Session5,144,0.708333333,0.706293706,0.730769231,0.791666667,0.625
Random_Forest,Random Forest,Baseline,Baseline,7,Subject_2_Session6,144,0.597222222,0.576298701,0.670454545,0.819444444,0.375
Random_Forest,Random Forest,TopFeatures,Top Features,7,Subject_2_Session6,144,0.673611111,0.670929158,0.700636943,0.763888889,0.583333333
Random_Forest,Random Forest,Tuned,Tuned,7,Subject_2_Session6,144,0.625,0.612362911,0.682352941,0.805555556,0.444444444
Random_Forest,Random Forest,Baseline,Baseline,8,Subject_2_Session7,144,0.479166667,0.460188934,0.561403509,0.666666667,0.291666667
Random_Forest,Random Forest,TopFeatures,Top Features,8,Subject_2_Session7,144,0.506944444,0.504050449,0.466165414,0.430555556,0.583333333
Random_Forest,Random Forest,Tuned,Tuned,8,Subject_2_Session7,144,0.527777778,0.526315789,0.5,0.472222222,0.583333333
Random_Forest,Random Forest,Baseline,Baseline,9,Subject_2_Session8,144,0.4375,0.435294118,0.470588235,0.5,0.375
Random_Forest,Random Forest,TopFeatures,Top Features,9,Subject_2_Session8,144,0.444444444,0.444015444,0.428571429,0.416666667,0.472222222
Random_Forest,Random Forest,Tuned,Tuned,9,Subject_2_Session8,144,0.472222222,0.472222222,0.472222222,0.472222222,0.472222222
Random_Forest,Random Forest,Baseline,Baseline,10,Subject_2_Session9,72,0.569444444,0.362831858,0.725663717,0.569444444,
Random_Forest,Random Forest,TopFeatures,Top Features,10,Subject_2_Session9,72,0.388888889,0.28,0.56,0.388888889,
Random_Forest,Random Forest,Tuned,Tuned,10,Subject_2_Session9,72,0.416666667,0.294117647,0.588235294,0.416666667,
XGBoost,XGBoost,Baseline,Baseline,1,Subject_2_Session1,144,0.506944444,0.502892984,0.458015267,0.416666667,0.597222222
XGBoost,XGBoost,TopFeatures,Top Features,1,Subject_2_Session1,144,0.597222222,0.595270401,0.567164179,0.527777778,0.666666667
XGBoost,XGBoost,Tuned,Tuned,1,Subject_2_Session1,144,0.625,0.6203125,0.578125,0.513888889,0.736111111
XGBoost,XGBoost,Baseline,Baseline,2,Subject_2_Session10,144,0.534722222,0.531991268,0.496240602,0.458333333,0.611111111
XGBoost,XGBoost,TopFeatures,Top Features,2,Subject_2_Session10,144,0.604166667,0.604147577,0.601398601,0.597222222,0.611111111
XGBoost,XGBoost,Tuned,Tuned,2,Subject_2_Session10,144,0.576388889,0.57620495,0.567375887,0.555555556,0.597222222
XGBoost,XGBoost,Baseline,Baseline,3,Subject_2_Session2,144,0.590277778,0.589307294,0.609271523,0.638888889,0.541666667
XGBoost,XGBoost,TopFeatures,Top Features,3,Subject_2_Session2,144,0.520833333,0.520810224,0.524137931,0.527777778,0.513888889
XGBoost,XGBoost,Tuned,Tuned,3,Subject_2_Session2,144,0.506944444,0.506920666,0.503496503,0.5,0.513888889
XGBoost,XGBoost,Baseline,Baseline,4,Subject_2_Session3,144,0.555555556,0.554179567,0.529411765,0.5,0.611111111
XGBoost,XGBoost,TopFeatures,Top Features,4,Subject_2_Session3,144,0.645833333,0.642923129,0.675159236,0.736111111,0.555555556
XGBoost,XGBoost,Tuned,Tuned,4,Subject_2_Session3,144,0.631944444,0.627906977,0.666666667,0.736111111,0.527777778
XGBoost,XGBoost,Baseline,Baseline,5,Subject_2_Session4,144,0.416666667,0.409375,0.475,0.527777778,0.305555556
XGBoost,XGBoost,TopFeatures,Top Features,5,Subject_2_Session4,144,0.423611111,0.411086475,0.496969697,0.569444444,0.277777778
XGBoost,XGBoost,Tuned,Tuned,5,Subject_2_Session4,144,0.465277778,0.453658537,0.533333333,0.611111111,0.319444444
XGBoost,XGBoost,Baseline,Baseline,6,Subject_2_Session5,144,0.673611111,0.666518847,0.715151515,0.819444444,0.527777778
XGBoost,XGBoost,TopFeatures,Top Features,6,Subject_2_Session5,144,0.625,0.623182787,0.649350649,0.694444444,0.555555556
XGBoost,XGBoost,Tuned,Tuned,6,Subject_2_Session5,144,0.576388889,0.571741992,0.616352201,0.680555556,0.472222222
XGBoost,XGBoost,Baseline,Baseline,7,Subject_2_Session6,144,0.645833333,0.638137472,0.690909091,0.791666667,0.5
XGBoost,XGBoost,TopFeatures,Top Features,7,Subject_2_Session6,144,0.701388889,0.698935187,0.72611465,0.791666667,0.611111111
XGBoost,XGBoost,Tuned,Tuned,7,Subject_2_Session6,144,0.729166667,0.728104575,0.745098039,0.791666667,0.666666667
XGBoost,XGBoost,Baseline,Baseline,8,Subject_2_Session7,144,0.534722222,0.524611973,0.593939394,0.680555556,0.388888889
XGBoost,XGBoost,TopFeatures,Top Features,8,Subject_2_Session7,144,0.708333333,0.703703704,0.740740741,0.833333333,0.583333333
XGBoost,XGBoost,Tuned,Tuned,8,Subject_2_Session7,144,0.708333333,0.702596381,0.743902439,0.847222222,0.569444444
XGBoost,XGBoost,Baseline,Baseline,9,Subject_2_Session8,144,0.472222222,0.472120394,0.479452055,0.486111111,0.458333333
XGBoost,XGBoost,TopFeatures,Top Features,9,Subject_2_Session8,144,0.458333333,0.453164557,0.506329114,0.555555556,0.361111111
XGBoost,XGBoost,Tuned,Tuned,9,Subject_2_Session8,144,0.451388889,0.449237473,0.483660131,0.513888889,0.388888889
XGBoost,XGBoost,Baseline,Baseline,10,Subject_2_Session9,72,0.527777778,0.345454545,0.690909091,0.527777778,
XGBoost,XGBoost,TopFeatures,Top Features,10,Subject_2_Session9,72,0.652777778,0.394957983,0.789915966,0.652777778,
XGBoost,XGBoost,Tuned,Tuned,10,Subject_2_Session9,72,0.736111111,0.424,0.848,0.736111111,