Model,Stage,Class,Precision,Recall,F1-score,Support,Accuracy,MacroF1,PositiveClassF1,Sensitivity,Specificity
Logistic Regression,Baseline,CoNS-Spiked,0.437288136,0.358333333,0.39389313,720,,,,,
Logistic Regression,Baseline,S. aureus-Spiked,0.456470588,0.538888889,0.494267516,720,,,,,
Logistic Regression,Baseline,accuracy,0.448611111,0.448611111,0.448611111,0.448611111,0.448611111,0.444080323,0.494267516,0.538888889,0.358333333
Logistic Regression,Baseline,macro avg,0.446879362,0.448611111,0.444080323,1440,,,,,
Logistic Regression,Baseline,weighted avg,0.446879362,0.448611111,0.444080323,1440,,,,,
Logistic Regression,Top Features,CoNS-Spiked,0.483651226,0.493055556,0.488308116,720,,,,,
Logistic Regression,Top Features,S. aureus-Spiked,0.483002833,0.473611111,0.47826087,720,,,,,
Logistic Regression,Top Features,accuracy,0.483333333,0.483333333,0.483333333,0.483333333,0.483333333,0.483284493,0.47826087,0.473611111,0.493055556
Logistic Regression,Top Features,macro avg,0.48332703,0.483333333,0.483284493,1440,,,,,
Logistic Regression,Top Features,weighted avg,0.48332703,0.483333333,0.483284493,1440,,,,,
Logistic Regression,Tuned,CoNS-Spiked,0.48137931,0.484722222,0.483044983,720,,,,,
Logistic Regression,Tuned,S. aureus-Spiked,0.481118881,0.477777778,0.479442509,720,,,,,
Logistic Regression,Tuned,accuracy,0.48125,0.48125,0.48125,0.48125,0.48125,0.481243746,0.479442509,0.477777778,0.484722222
Logistic Regression,Tuned,macro avg,0.481249096,0.48125,0.481243746,1440,,,,,
Logistic Regression,Tuned,weighted avg,0.481249096,0.48125,0.481243746,1440,,,,,
LDA,Baseline,CoNS-Spiked,0.460884354,0.376388889,0.414373089,720,,,,,
LDA,Baseline,S. aureus-Spiked,0.473004695,0.559722222,0.512722646,720,,,,,
LDA,Baseline,accuracy,0.468055556,0.468055556,0.468055556,0.468055556,0.468055556,0.463547867,0.512722646,0.559722222,0.376388889
LDA,Baseline,macro avg,0.466944524,0.468055556,0.463547867,1440,,,,,
LDA,Baseline,weighted avg,0.466944524,0.468055556,0.463547867,1440,,,,,
LDA,Top Features,CoNS-Spiked,0.476510067,0.394444444,0.431610942,720,,,,,
LDA,Top Features,S. aureus-Spiked,0.483412322,0.566666667,0.52173913,720,,,,,
LDA,Top Features,accuracy,0.480555556,0.480555556,0.480555556,0.480555556,0.480555556,0.476675036,0.52173913,0.566666667,0.394444444
LDA,Top Features,macro avg,0.479961195,0.480555556,0.476675036,1440,,,,,
LDA,Top Features,weighted avg,0.479961195,0.480555556,0.476675036,1440,,,,,
LDA,Tuned,CoNS-Spiked,0.477462437,0.397222222,0.433661865,720,,,,,
LDA,Tuned,S. aureus-Spiked,0.483947681,0.565277778,0.521460602,720,,,,,
LDA,Tuned,accuracy,0.48125,0.48125,0.48125,0.48125,0.48125,0.477561234,0.521460602,0.565277778,0.397222222
LDA,Tuned,macro avg,0.480705059,0.48125,0.477561234,1440,,,,,
LDA,Tuned,weighted avg,0.480705059,0.48125,0.477561234,1440,,,,,
SVM,Baseline,CoNS-Spiked,0.52057842,0.65,0.578134651,720,,,,,
SVM,Baseline,S. aureus-Spiked,0.534195933,0.401388889,0.458366376,720,,,,,
SVM,Baseline,accuracy,0.525694444,0.525694444,0.525694444,0.525694444,0.525694444,0.518250513,0.458366376,0.401388889,0.65
SVM,Baseline,macro avg,0.527387177,0.525694444,0.518250513,1440,,,,,
SVM,Baseline,weighted avg,0.527387177,0.525694444,0.518250513,1440,,,,,
SVM,Top Features,CoNS-Spiked,0.54972067,0.683333333,0.609287926,720,,,,,
SVM,Top Features,S. aureus-Spiked,0.581651376,0.440277778,0.501185771,720,,,,,
SVM,Top Features,accuracy,0.561805556,0.561805556,0.561805556,0.561805556,0.561805556,0.555236848,0.501185771,0.440277778,0.683333333
SVM,Top Features,macro avg,0.565686023,0.561805556,0.555236848,1440,,,,,
SVM,Top Features,weighted avg,0.565686023,0.561805556,0.555236848,1440,,,,,
SVM,Tuned,CoNS-Spiked,0.53164557,0.583333333,0.556291391,720,,,,,
SVM,Tuned,S. aureus-Spiked,0.538461538,0.486111111,0.510948905,720,,,,,
SVM,Tuned,accuracy,0.534722222,0.534722222,0.534722222,0.534722222,0.534722222,0.533620148,0.510948905,0.486111111,0.583333333
SVM,Tuned,macro avg,0.535053554,0.534722222,0.533620148,1440,,,,,
SVM,Tuned,weighted avg,0.535053554,0.534722222,0.533620148,1440,,,,,
Random Forest,Baseline,CoNS-Spiked,0.521678322,0.518055556,0.519860627,720,,,,,
Random Forest,Baseline,S. aureus-Spiked,0.52137931,0.525,0.523183391,720,,,,,
Random Forest,Baseline,accuracy,0.521527778,0.521527778,0.521527778,0.521527778,0.521527778,0.521522009,0.523183391,0.525,0.518055556
Random Forest,Baseline,macro avg,0.521528816,0.521527778,0.521522009,1440,,,,,
Random Forest,Baseline,weighted avg,0.521528816,0.521527778,0.521522009,1440,,,,,
Random Forest,Top Features,CoNS-Spiked,0.492877493,0.480555556,0.486638537,720,,,,,
Random Forest,Top Features,S. aureus-Spiked,0.493224932,0.505555556,0.499314129,720,,,,,
Random Forest,Top Features,accuracy,0.493055556,0.493055556,0.493055556,0.493055556,0.493055556,0.492976333,0.499314129,0.505555556,0.480555556
Random Forest,Top Features,macro avg,0.493051213,0.493055556,0.492976333,1440,,,,,
Random Forest,Top Features,weighted avg,0.493051213,0.493055556,0.492976333,1440,,,,,
Random Forest,Tuned,CoNS-Spiked,0.490140845,0.483333333,0.486713287,720,,,,,
Random Forest,Tuned,S. aureus-Spiked,0.490410959,0.497222222,0.493793103,720,,,,,
Random Forest,Tuned,accuracy,0.490277778,0.490277778,0.490277778,0.490277778,0.490277778,0.490253195,0.493793103,0.497222222,0.483333333
Random Forest,Tuned,macro avg,0.490275902,0.490277778,0.490253195,1440,,,,,
Random Forest,Tuned,weighted avg,0.490275902,0.490277778,0.490253195,1440,,,,,
XGBoost,Baseline,CoNS-Spiked,0.522962963,0.490277778,0.50609319,720,,,,,
XGBoost,Baseline,S. aureus-Spiked,0.520261438,0.552777778,0.536026936,720,,,,,
XGBoost,Baseline,accuracy,0.521527778,0.521527778,0.521527778,0.521527778,0.521527778,0.521060063,0.536026936,0.552777778,0.490277778
XGBoost,Baseline,macro avg,0.5216122,0.521527778,0.521060063,1440,,,,,
XGBoost,Baseline,weighted avg,0.5216122,0.521527778,0.521060063,1440,,,,,
XGBoost,Top Features,CoNS-Spiked,0.476261128,0.445833333,0.460545194,720,,,,,
XGBoost,Top Features,S. aureus-Spiked,0.479112272,0.509722222,0.493943472,720,,,,,
XGBoost,Top Features,accuracy,0.477777778,0.477777778,0.477777778,0.477777778,0.477777778,0.477244333,0.493943472,0.509722222,0.445833333
XGBoost,Top Features,macro avg,0.4776867,0.477777778,0.477244333,1440,,,,,
XGBoost,Top Features,weighted avg,0.4776867,0.477777778,0.477244333,1440,,,,,
XGBoost,Tuned,CoNS-Spiked,0.45890411,0.465277778,0.462068966,720,,,,,
XGBoost,Tuned,S. aureus-Spiked,0.457746479,0.451388889,0.454545455,720,,,,,
XGBoost,Tuned,accuracy,0.458333333,0.458333333,0.458333333,0.458333333,0.458333333,0.45830721,0.454545455,0.451388889,0.465277778
XGBoost,Tuned,macro avg,0.458325294,0.458333333,0.45830721,1440,,,,,
XGBoost,Tuned,weighted avg,0.458325294,0.458333333,0.45830721,1440,,,,,