OuterFold,HeldOutGroup,Model,NumberFeaturesSelected,SelectedFeatures,SelectedHyperparameters,OuterTestAccuracy,OuterTestAccuracyPercent
1,Subject_2_Session1,Random Forest,19,BSA_30; MgCl_960; Pep28_690; CaCl_1230; MgCl_1080; Lysine_420; Pep28_30; MgCl_600; Lysozyme_420; CaCl_330; Pep28_900; Pep28_330; MgCl_60; Lysozyme_450; Lysozyme_720; CaCl_240; MgCl_510; CaCl_90; CaCl_180,class_weight=None; max_depth=None; max_features=sqrt; min_samples_leaf=1; min_samples_split=5; n_estimators=800,0.3541666666666667,35.41666666666667
2,Subject_2_Session10,Random Forest,6,MgCl_960; Lysine_210; Pep28_30; CaCl_1230; MgCl_510; MgCl_930,class_weight=None; max_depth=10; max_features=sqrt; min_samples_leaf=1; min_samples_split=2; n_estimators=200,0.5069444444444444,50.69444444444444
3,Subject_2_Session2,Random Forest,7,MgCl_960; BSA_30; MgCl_510; CaCl_330; Pep28_330; Pep28_900; MgCl_840,class_weight=balanced; max_depth=None; max_features=sqrt; min_samples_leaf=2; min_samples_split=5; n_estimators=200,0.4722222222222222,47.22222222222222
4,Subject_2_Session3,Random Forest,20,BSA_30; MgCl_930; MgCl_960; MgCl_1080; MgCl_600; Lysine_420; CaCl_1230; MgCl_510; Lysine_840; CaCl_210; Pep28_30; CaCl_30; CaCl_240; Pep28_900; Pep28_330; MgCl_840; Lysozyme_150; Lysine_210; Lysine_90; Caffeine_1200,class_weight=balanced; max_depth=10; max_features=sqrt; min_samples_leaf=2; min_samples_split=10; n_estimators=200,0.7222222222222222,72.22222222222221
5,Subject_2_Session4,Random Forest,12,MgCl_960; BSA_30; Lysine_840; Pep28_270; CaCl_780; MgCl_1080; Pep28_30; CaCl_1230; Pep28_330; CaCl_330; CaCl_30; Lysozyme_300,class_weight=balanced; max_depth=None; max_features=sqrt; min_samples_leaf=1; min_samples_split=10; n_estimators=200,0.4375,43.75
6,Subject_2_Session5,Random Forest,54,MgCl_960; BSA_30; Pep28_30; Pep28_270; CaCl_780; MgCl_930; MgCl_600; Pep28_900; Pep28_690; Lysozyme_30; Lysine_150; Caffeine_1200; Pep28_330; MgCl_510; Lysine_420; LL37_930; Lysine_210; CaCl_900; Lysozyme_150; CaCl_1200; Lysine_840; Lysozyme_720; MgCl_780; CaCl_30; Caffeine_30; Lysozyme_450; Pep28_480; Caffeine_390; CaCl_300; CaCl_1230; BSA_1140; Pep28_1350; Lysozyme_60; LL37_30; CaCl_210; MgCl_1080; Lysine_480; CaCl_570; CaCl_420; Lysozyme_990; Caffeine_810; Pep28_870; Lysozyme_1080; Lysine_1110; MgCl_840; CaCl_690; Pep28_720; Lysine_390; Pep28_1140; CaCl_180; MgCl_30; BSA_120; LL37_120; Pep28_60,class_weight=balanced; max_depth=20; max_features=log2; min_samples_leaf=1; min_samples_split=2; n_estimators=200,0.7083333333333334,70.83333333333334
7,Subject_2_Session6,Random Forest,24,MgCl_960; CaCl_330; Pep28_900; BSA_30; MgCl_1080; MgCl_930; MgCl_600; CaCl_30; CaCl_780; MgCl_510; CaCl_210; Lysozyme_720; Pep28_270; Pep28_330; CaCl_1230; Pep28_930; Pep28_30; Lysine_840; Pep28_120; Caffeine_450; MgCl_840; BSA_1140; Caffeine_1200; Pep28_390,class_weight=None; max_depth=10; max_features=sqrt; min_samples_leaf=1; min_samples_split=5; n_estimators=200,0.625,62.5
8,Subject_2_Session7,Random Forest,14,MgCl_960; MgCl_930; MgCl_840; Lysine_420; MgCl_510; Pep28_30; CaCl_1230; MgCl_600; CaCl_330; Pep28_330; MgCl_1080; Lysine_840; CaCl_900; Lysozyme_720,class_weight=None; max_depth=None; max_features=sqrt; min_samples_leaf=1; min_samples_split=10; n_estimators=800,0.5277777777777778,52.77777777777778
9,Subject_2_Session8,Random Forest,14,BSA_30; MgCl_960; CaCl_1230; MgCl_930; Pep28_330; CaCl_330; CaCl_1200; MgCl_600; Pep28_900; Pep28_30; Lysine_420; Lysine_210; Lysine_840; MgCl_510,class_weight=balanced; max_depth=None; max_features=sqrt; min_samples_leaf=2; min_samples_split=5; n_estimators=400,0.4722222222222222,47.22222222222222
10,Subject_2_Session9,Random Forest,9,BSA_30; MgCl_960; Pep28_30; Pep28_330; MgCl_600; Lysine_270; Lysine_420; CaCl_1230; MgCl_930,class_weight=None; max_depth=None; max_features=sqrt; min_samples_leaf=1; min_samples_split=2; n_estimators=200,0.4166666666666667,41.66666666666667
1,Subject_2_Session1,SVM,116,CaCl_30; Pep28_330; CaCl_330; Pep28_690; Pep28_1020; Lysozyme_1080; Lysine_420; CaCl_780; MgCl_600; Pep28_480; Pep28_30; Pep28_120; CaCl_750; BSA_30; CaCl_600; LL37_690; Lysine_840; Lysozyme_330; Caffeine_210; MgCl_30; CaCl_180; LL37_930; LL37_390; MgCl_510; CaCl_1230; Pep28_870; MgCl_180; Lysine_390; BSA_1170; CaCl_240; LL37_1260; Pep28_90; Caffeine_450; Lysozyme_720; Pep28_660; LL37_1290; Lysozyme_300; Lysine_150; BSA_300; MgCl_330; Caffeine_390; LL37_570; CaCl_1140; Lysozyme_570; LL37_660; Pep28_1350; MgCl_1020; Lysine_630; LL37_1140; Lysine_1320; LL37_750; MgCl_1260; Pep28_540; Lysozyme_60; Lysozyme_420; Lysine_570; MgCl_1170; Caffeine_480; CaCl_210; Lysine_450; BSA_930; MgCl_750; MgCl_960; LL37_1020; Caffeine_540; MgCl_1140; Caffeine_360; Pep28_450; Caffeine_420; CaCl_1170; MgCl_60; Caffeine_150; Caffeine_1260; CaCl_870; CaCl_570; Lysozyme_1140; MgCl_1290; Lysozyme_1290; Pep28_900; MgCl_1080; Lysine_600; Pep28_630; CaCl_1320; BSA_120; Lysozyme_1260; Lysozyme_360; BSA_270; LL37_240; Caffeine_90; Pep28_570; Pep28_390; Pep28_150; Lysine_720; MgCl_840; Lysine_30; BSA_1320; CaCl_900; LL37_120; LL37_900; Lysine_1290; Caffeine_960; Caffeine_30; Caffeine_1350; Caffeine_810; MgCl_420; Caffeine_630; Lysozyme_1020; Lysine_900; LL37_330; Pep28_360; BSA_540; LL37_180; Lysozyme_240; MgCl_930; Pep28_180; Lysozyme_510,C=1; class_weight=None; kernel=linear,0.3958333333333333,39.58333333333333
2,Subject_2_Session10,SVM,95,Pep28_120; CaCl_30; MgCl_510; Pep28_90; Lysine_210; Pep28_30; Lysozyme_60; Caffeine_210; Lysine_150; Pep28_330; Pep28_870; MgCl_1110; Pep28_480; MgCl_600; BSA_120; CaCl_210; CaCl_780; Lysozyme_330; Lysine_420; CaCl_870; LL37_930; Pep28_690; CaCl_420; CaCl_750; Caffeine_390; LL37_960; MgCl_960; CaCl_330; Pep28_660; CaCl_1140; LL37_1020; CaCl_1320; BSA_1140; Lysozyme_720; Caffeine_1200; LL37_690; CaCl_390; Pep28_210; MgCl_930; Caffeine_450; Pep28_1020; Lysine_720; LL37_330; Lysozyme_990; BSA_1170; CaCl_900; MgCl_1080; Lysozyme_1080; Lysine_390; Caffeine_480; BSA_720; CaCl_990; CaCl_1230; Lysozyme_510; Caffeine_1350; Lysine_450; BSA_30; CaCl_240; Lysine_630; BSA_420; Pep28_570; CaCl_300; BSA_60; LL37_570; Lysozyme_570; CaCl_360; LL37_450; Caffeine_90; MgCl_210; MgCl_30; Caffeine_420; LL37_150; Pep28_1350; MgCl_330; MgCl_1020; Caffeine_150; BSA_630; Lysine_570; Lysozyme_450; BSA_300; LL37_180; CaCl_1170; Pep28_360; Caffeine_180; Pep28_1230; MgCl_840; BSA_1320; MgCl_150; Lysozyme_660; Pep28_540; Lysine_270; Lysozyme_1260; Caffeine_1050; MgCl_90; Lysine_30,C=100; class_weight=None; gamma=0.001; kernel=rbf,0.3680555555555556,36.80555555555556
3,Subject_2_Session2,SVM,72,Pep28_330; CaCl_330; Lysine_150; CaCl_30; MgCl_510; CaCl_390; Pep28_120; CaCl_780; MgCl_600; Lysine_420; Caffeine_390; Pep28_1020; BSA_30; Caffeine_150; LL37_960; MgCl_1020; Pep28_30; BSA_1170; CaCl_240; Caffeine_210; Caffeine_420; Pep28_90; CaCl_900; Pep28_870; Caffeine_450; Pep28_900; MgCl_1110; CaCl_210; Pep28_660; CaCl_420; BSA_120; Lysine_840; MgCl_960; BSA_300; Lysozyme_510; Caffeine_90; LL37_1260; MgCl_930; Lysozyme_720; Lysozyme_330; MgCl_180; CaCl_600; CaCl_750; Lysozyme_60; Pep28_480; Lysine_1320; BSA_840; Lysozyme_240; Lysine_900; LL37_390; CaCl_870; BSA_1140; Lysine_210; LL37_1140; Caffeine_630; CaCl_180; Pep28_690; BSA_90; Lysine_330; MgCl_30; CaCl_1140; LL37_120; Pep28_1350; CaCl_1320; CaCl_990; BSA_930; Caffeine_510; Lysozyme_990; MgCl_1080; LL37_690; CaCl_1230; MgCl_1170,C=1; class_weight=None; gamma=0.001; kernel=rbf,0.5347222222222222,53.47222222222222
4,Subject_2_Session3,SVM,66,MgCl_600; Pep28_330; CaCl_210; Pep28_90; BSA_30; CaCl_30; MgCl_510; Pep28_120; CaCl_240; MgCl_930; BSA_120; Lysine_420; Lysine_840; Pep28_870; Lysozyme_990; MgCl_180; CaCl_780; CaCl_750; Caffeine_390; Lysozyme_330; Lysine_150; CaCl_420; LL37_930; Caffeine_1200; Lysine_450; BSA_720; Lysozyme_510; MgCl_330; BSA_1170; BSA_300; CaCl_1320; Caffeine_210; MgCl_1110; CaCl_900; Pep28_1020; Lysozyme_60; Lysine_570; Pep28_30; CaCl_330; MgCl_1080; BSA_630; CaCl_1230; Caffeine_360; Lysine_1290; MgCl_960; Lysine_630; CaCl_390; CaCl_1170; Lysine_900; Pep28_180; Caffeine_1170; LL37_690; Pep28_360; Pep28_1350; MgCl_840; CaCl_870; LL37_570; Lysine_210; LL37_960; CaCl_630; CaCl_990; Lysine_390; Lysozyme_300; Caffeine_540; Lysine_360; LL37_390,C=10; class_weight=None; gamma=0.001; kernel=rbf,0.5625,56.25
5,Subject_2_Session4,SVM,74,Pep28_330; CaCl_30; CaCl_780; Pep28_120; CaCl_210; Lysine_840; MgCl_330; CaCl_330; MgCl_960; Caffeine_210; Pep28_1020; BSA_30; Lysine_150; Lysine_420; CaCl_750; MgCl_600; CaCl_390; MgCl_180; LL37_570; LL37_750; BSA_90; Lysine_570; Lysozyme_300; Lysozyme_1080; LL37_690; Lysozyme_720; Pep28_90; MgCl_510; MgCl_1080; CaCl_1140; BSA_720; LL37_960; CaCl_1230; Lysozyme_240; Pep28_180; MgCl_1020; Pep28_870; CaCl_690; LL37_630; Pep28_450; CaCl_420; Lysozyme_570; BSA_120; MgCl_150; CaCl_900; Caffeine_450; Pep28_30; Lysozyme_60; Lysine_630; Caffeine_30; MgCl_30; Caffeine_390; BSA_1170; Lysozyme_1350; Caffeine_1200; Lysozyme_990; Lysozyme_510; LL37_930; Pep28_1350; CaCl_1170; Caffeine_630; MgCl_1140; Caffeine_480; BSA_630; CaCl_120; LL37_1140; CaCl_870; CaCl_630; Caffeine_420; Lysozyme_450; Lysine_450; CaCl_180; CaCl_1320; Caffeine_360,C=10; class_weight=balanced; gamma=0.001; kernel=rbf,0.5277777777777778,52.77777777777778
6,Subject_2_Session5,SVM,128,Lysine_150; Pep28_120; Lysine_840; MgCl_600; Caffeine_390; CaCl_780; Pep28_480; Lysine_420; Pep28_330; Pep28_30; LL37_930; CaCl_30; MgCl_30; CaCl_390; Lysozyme_990; Lysine_1110; Caffeine_210; MgCl_510; MgCl_180; LL37_390; CaCl_750; Lysine_330; MgCl_960; BSA_1140; Lysine_1230; Caffeine_1200; Lysozyme_60; MgCl_1140; CaCl_420; Pep28_150; MgCl_930; CaCl_900; BSA_420; BSA_300; Caffeine_150; CaCl_330; Lysine_630; BSA_1170; Caffeine_330; BSA_30; Pep28_90; Pep28_660; Pep28_690; LL37_630; CaCl_480; Pep28_270; Lysozyme_240; Caffeine_90; BSA_270; LL37_900; Caffeine_1320; BSA_630; LL37_870; Caffeine_540; LL37_690; Lysozyme_1350; Lysine_480; MgCl_1110; BSA_150; CaCl_690; Lysozyme_300; CaCl_1170; CaCl_210; Lysozyme_1110; BSA_90; BSA_120; Lysine_570; Pep28_570; Lysozyme_1080; Pep28_870; CaCl_1320; Pep28_900; Lysozyme_570; LL37_120; Pep28_1350; CaCl_870; CaCl_1020; CaCl_360; Pep28_1020; Lysine_540; Lysine_210; Pep28_180; Lysozyme_510; Caffeine_1050; LL37_960; MgCl_750; Caffeine_1260; Caffeine_1170; Lysine_1320; Lysozyme_1020; Lysozyme_660; Caffeine_450; Pep28_60; CaCl_540; CaCl_1080; Caffeine_180; Lysozyme_90; Caffeine_810; Lysine_30; Caffeine_360; Caffeine_30; MgCl_1080; CaCl_1350; Lysine_870; MgCl_390; BSA_810; Lysozyme_720; LL37_450; LL37_1290; Pep28_1110; CaCl_990; LL37_270; BSA_930; Caffeine_1020; CaCl_120; Pep28_510; Lysine_390; Lysozyme_840; BSA_1020; Pep28_360; LL37_840; MgCl_840; LL37_1020; LL37_750; MgCl_1020; Caffeine_270; LL37_660; Lysozyme_270,C=10; class_weight=None; gamma=0.001; kernel=rbf,0.4375,43.75
7,Subject_2_Session6,SVM,107,Pep28_330; CaCl_30; Pep28_120; Lysine_150; CaCl_210; Caffeine_210; MgCl_600; Pep28_1020; Pep28_90; CaCl_750; CaCl_780; Pep28_870; LL37_690; Lysine_840; CaCl_330; MgCl_510; MgCl_1020; Pep28_660; MgCl_960; Lysine_420; BSA_1170; CaCl_390; MgCl_390; CaCl_420; Caffeine_90; MgCl_1200; MgCl_1110; Lysozyme_330; Lysozyme_720; MgCl_750; Pep28_480; LL37_750; LL37_390; BSA_1140; Caffeine_1200; LL37_180; CaCl_1230; Lysozyme_990; LL37_570; CaCl_1170; BSA_300; MgCl_1080; Lysozyme_60; LL37_960; Pep28_1350; LL37_930; BSA_30; Pep28_900; Caffeine_390; Caffeine_480; MgCl_930; Lysozyme_510; Lysozyme_1080; Lysozyme_240; Caffeine_540; MgCl_330; CaCl_240; LL37_1140; Caffeine_420; MgCl_90; CaCl_1080; BSA_270; Lysine_1230; BSA_630; BSA_120; LL37_630; LL37_900; Lysine_450; MgCl_30; Caffeine_1170; MgCl_180; CaCl_960; LL37_1290; Lysine_330; Caffeine_150; MgCl_1260; BSA_420; Lysine_630; Lysine_1320; BSA_720; Caffeine_360; Caffeine_330; Lysine_210; Pep28_690; LL37_330; Caffeine_450; Lysozyme_1290; LL37_1020; Caffeine_180; LL37_660; Lysozyme_300; CaCl_870; LL37_720; Pep28_540; Lysine_930; MgCl_420; LL37_1260; MgCl_840; Caffeine_1050; Pep28_30; Pep28_1050; CaCl_1320; Lysozyme_450; CaCl_150; BSA_1320; Lysine_1170; Lysozyme_1320,C=0.1; class_weight=None; kernel=linear,0.5208333333333334,52.083333333333336
8,Subject_2_Session7,SVM,81,Pep28_120; Pep28_330; CaCl_30; Lysine_150; Pep28_30; MgCl_510; Caffeine_210; MgCl_600; Lysine_420; CaCl_390; Pep28_480; CaCl_330; Lysine_840; CaCl_420; LL37_570; BSA_1170; CaCl_750; MgCl_1110; LL37_930; MgCl_1020; LL37_180; Pep28_870; CaCl_210; MgCl_960; BSA_30; Lysozyme_330; CaCl_1140; Pep28_90; Pep28_1020; Lysozyme_510; CaCl_870; LL37_840; MgCl_180; MgCl_930; MgCl_60; Lysine_210; Caffeine_480; LL37_750; LL37_690; Caffeine_540; Caffeine_450; CaCl_1230; CaCl_240; MgCl_840; BSA_630; LL37_630; LL37_1140; Pep28_1230; Pep28_1290; CaCl_900; LL37_390; Caffeine_390; Lysozyme_300; Caffeine_180; Pep28_900; Lysozyme_60; Caffeine_1200; CaCl_1170; Pep28_720; Lysozyme_1140; MgCl_90; Lysozyme_990; LL37_660; Lysozyme_570; MgCl_750; Pep28_60; Caffeine_90; Caffeine_630; CaCl_1320; Caffeine_1050; BSA_300; Lysozyme_1080; MgCl_330; BSA_1140; CaCl_780; Pep28_1320; Lysine_1230; Caffeine_360; CaCl_690; Lysine_330; Lysine_570,C=0.1; class_weight=balanced; kernel=linear,0.4861111111111111,48.61111111111111
9,Subject_2_Session8,SVM,88,BSA_30; Pep28_330; Lysozyme_330; MgCl_600; CaCl_780; CaCl_330; Lysine_150; MgCl_960; MgCl_510; LL37_390; Pep28_1050; Lysozyme_510; Lysine_840; Lysine_420; Pep28_30; Caffeine_210; Pep28_1020; CaCl_420; Pep28_660; Pep28_480; BSA_300; CaCl_1200; Pep28_870; Lysozyme_720; LL37_690; CaCl_210; CaCl_1230; MgCl_1020; Pep28_900; Pep28_690; CaCl_240; Lysine_450; LL37_930; Lysine_570; Caffeine_1200; Lysine_630; MgCl_360; Caffeine_90; MgCl_300; MgCl_1110; Lysine_210; BSA_390; CaCl_900; Caffeine_450; Lysozyme_1080; MgCl_750; MgCl_1140; CaCl_690; Caffeine_30; Lysine_540; MgCl_690; MgCl_930; Caffeine_1050; BSA_90; CaCl_630; CaCl_1140; BSA_270; LL37_750; LL37_1320; CaCl_120; LL37_1200; BSA_630; BSA_1140; Caffeine_480; Lysozyme_1320; MgCl_150; CaCl_180; Pep28_720; Caffeine_1170; Lysozyme_660; LL37_1290; MgCl_1260; CaCl_750; Lysine_1230; CaCl_1020; BSA_600; Caffeine_630; Lysine_930; Caffeine_420; LL37_630; Lysozyme_240; Lysine_330; CaCl_390; CaCl_1080; Lysozyme_300; MgCl_90; BSA_690; Lysozyme_1200,C=0.1; class_weight=None; kernel=linear,0.4722222222222222,47.22222222222222
10,Subject_2_Session9,SVM,86,Pep28_330; MgCl_600; Pep28_480; CaCl_30; Caffeine_210; Pep28_120; Lysine_150; BSA_30; CaCl_330; Lysine_420; CaCl_780; LL37_930; Pep28_1020; CaCl_750; Caffeine_450; MgCl_180; Lysine_840; Pep28_30; CaCl_390; Lysozyme_330; MgCl_510; MgCl_960; Caffeine_390; MgCl_30; MgCl_1020; Pep28_870; BSA_1170; LL37_690; CaCl_210; Caffeine_540; Pep28_90; Lysozyme_1080; LL37_750; Pep28_660; Pep28_690; Lysine_570; Caffeine_1200; LL37_390; CaCl_1320; MgCl_1110; CaCl_420; BSA_120; Lysine_270; Lysine_450; CaCl_1140; CaCl_1230; LL37_570; Lysine_210; Pep28_1350; MgCl_330; Caffeine_150; Caffeine_90; MgCl_1140; BSA_300; CaCl_1170; CaCl_870; Caffeine_480; Lysozyme_570; Caffeine_420; Caffeine_1050; Lysozyme_60; Lysozyme_720; CaCl_900; MgCl_930; MgCl_750; Pep28_900; Lysine_390; BSA_420; Lysine_630; Pep28_1050; CaCl_690; BSA_90; Lysozyme_510; LL37_960; CaCl_240; BSA_1140; BSA_630; CaCl_1080; CaCl_360; Caffeine_360; Lysozyme_300; Caffeine_180; Lysine_30; MgCl_1170; LL37_180; Pep28_1200,C=1; class_weight=None; kernel=linear,0.4583333333333333,45.83333333333333
1,Subject_2_Session1,Logistic Regression,98,CaCl_30; Pep28_330; CaCl_330; Pep28_690; Pep28_1020; Lysozyme_1080; Lysine_420; CaCl_780; MgCl_600; Pep28_480; Pep28_30; Pep28_120; CaCl_750; BSA_30; CaCl_600; LL37_690; Lysine_840; Lysozyme_330; Caffeine_210; MgCl_30; CaCl_180; LL37_930; LL37_390; MgCl_510; CaCl_1230; Pep28_870; MgCl_180; Lysine_390; BSA_1170; CaCl_240; LL37_1260; Pep28_90; Caffeine_450; Lysozyme_720; Pep28_660; LL37_1290; Lysozyme_300; Lysine_150; BSA_300; MgCl_330; Caffeine_390; LL37_570; CaCl_1140; Lysozyme_570; LL37_660; Pep28_1350; MgCl_1020; Lysine_630; LL37_1140; Lysine_1320; LL37_750; MgCl_1260; Pep28_540; Lysozyme_60; Lysozyme_420; Lysine_570; MgCl_1170; Caffeine_480; CaCl_210; Lysine_450; BSA_930; MgCl_750; MgCl_960; LL37_1020; Caffeine_540; MgCl_1140; Caffeine_360; Pep28_450; Caffeine_420; CaCl_1170; MgCl_60; Caffeine_150; Caffeine_1260; CaCl_870; CaCl_570; Lysozyme_1140; MgCl_1290; Lysozyme_1290; Pep28_900; MgCl_1080; Lysine_600; Pep28_630; CaCl_1320; BSA_120; Lysozyme_1260; Lysozyme_360; BSA_270; LL37_240; Caffeine_90; Pep28_570; Pep28_390; Pep28_150; Lysine_720; MgCl_840; Lysine_30; BSA_1320; CaCl_900; LL37_120,C=10; class_weight=None; l1_ratio=0.0; max_iter=2000; penalty=l2; solver=saga,0.375,37.5
2,Subject_2_Session10,Logistic Regression,139,Pep28_120; CaCl_30; MgCl_510; Pep28_90; Lysine_210; Pep28_30; Lysozyme_60; Caffeine_210; Lysine_150; Pep28_330; Pep28_870; MgCl_1110; Pep28_480; MgCl_600; BSA_120; CaCl_210; CaCl_780; Lysozyme_330; Lysine_420; CaCl_870; LL37_930; Pep28_690; CaCl_420; CaCl_750; Caffeine_390; LL37_960; MgCl_960; CaCl_330; Pep28_660; CaCl_1140; LL37_1020; CaCl_1320; BSA_1140; Lysozyme_720; Caffeine_1200; LL37_690; CaCl_390; Pep28_210; MgCl_930; Caffeine_450; Pep28_1020; Lysine_720; LL37_330; Lysozyme_990; BSA_1170; CaCl_900; MgCl_1080; Lysozyme_1080; Lysine_390; Caffeine_480; BSA_720; CaCl_990; CaCl_1230; Lysozyme_510; Caffeine_1350; Lysine_450; BSA_30; CaCl_240; Lysine_630; BSA_420; Pep28_570; CaCl_300; BSA_60; LL37_570; Lysozyme_570; CaCl_360; LL37_450; Caffeine_90; MgCl_210; MgCl_30; Caffeine_420; LL37_150; Pep28_1350; MgCl_330; MgCl_1020; Caffeine_150; BSA_630; Lysine_570; Lysozyme_450; BSA_300; LL37_180; CaCl_1170; Pep28_360; Caffeine_180; Pep28_1230; MgCl_840; BSA_1320; MgCl_150; Lysozyme_660; Pep28_540; Lysine_270; Lysozyme_1260; Caffeine_1050; MgCl_90; Lysine_30; BSA_930; Caffeine_540; Caffeine_270; Lysine_180; LL37_1140; LL37_840; Lysine_1320; Lysine_480; Lysine_930; Lysozyme_870; LL37_120; Lysine_330; Caffeine_510; MgCl_300; Lysozyme_240; Lysine_540; LL37_510; MgCl_180; Lysine_660; Caffeine_1230; Lysozyme_300; LL37_750; Caffeine_1170; BSA_330; Lysine_960; Caffeine_360; BSA_1020; Lysozyme_1320; LL37_870; Lysozyme_960; BSA_390; CaCl_570; Caffeine_960; Caffeine_660; LL37_630; Pep28_150; CaCl_1200; Lysine_300; CaCl_480; Lysine_840; MgCl_870; Lysozyme_1050; Caffeine_810; Caffeine_330,C=100; class_weight=balanced; max_iter=2000; penalty=l2; solver=lbfgs,0.4166666666666667,41.66666666666667
3,Subject_2_Session2,Logistic Regression,127,Pep28_330; CaCl_330; Lysine_150; CaCl_30; MgCl_510; CaCl_390; Pep28_120; CaCl_780; MgCl_600; Lysine_420; Caffeine_390; Pep28_1020; BSA_30; Caffeine_150; LL37_960; MgCl_1020; Pep28_30; BSA_1170; CaCl_240; Caffeine_210; Caffeine_420; Pep28_90; CaCl_900; Pep28_870; Caffeine_450; Pep28_900; MgCl_1110; CaCl_210; Pep28_660; CaCl_420; BSA_120; Lysine_840; MgCl_960; BSA_300; Lysozyme_510; Caffeine_90; LL37_1260; MgCl_930; Lysozyme_720; Lysozyme_330; MgCl_180; CaCl_600; CaCl_750; Lysozyme_60; Pep28_480; Lysine_1320; BSA_840; Lysozyme_240; Lysine_900; LL37_390; CaCl_870; BSA_1140; Lysine_210; LL37_1140; Caffeine_630; CaCl_180; Pep28_690; BSA_90; Lysine_330; MgCl_30; CaCl_1140; LL37_120; Pep28_1350; CaCl_1320; CaCl_990; BSA_930; Caffeine_510; Lysozyme_990; MgCl_1080; LL37_690; CaCl_1230; MgCl_1170; MgCl_750; LL37_180; Lysine_390; LL37_450; MgCl_90; LL37_840; Caffeine_1050; Pep28_630; CaCl_1350; LL37_930; Caffeine_540; BSA_630; LL37_870; Pep28_1050; LL37_1170; CaCl_120; Lysozyme_300; Pep28_450; Lysine_450; Lysine_570; MgCl_1140; BSA_450; Lysine_30; Caffeine_30; BSA_270; LL37_330; Caffeine_1170; LL37_1290; CaCl_690; Caffeine_1200; LL37_1080; BSA_420; Lysine_270; LL37_420; CaCl_1170; MgCl_780; Lysine_480; BSA_1020; Lysine_930; LL37_1020; BSA_600; Caffeine_180; Caffeine_360; Lysine_630; Caffeine_480; LL37_750; Lysine_1170; BSA_540; CaCl_480; Pep28_540; Pep28_360; BSA_390; Pep28_570; Lysine_1230; Lysine_540,C=10; class_weight=None; max_iter=2000; penalty=l2; solver=lbfgs,0.5277777777777778,52.77777777777778
4,Subject_2_Session3,Logistic Regression,101,MgCl_600; Pep28_330; CaCl_210; Pep28_90; BSA_30; CaCl_30; MgCl_510; Pep28_120; CaCl_240; MgCl_930; BSA_120; Lysine_420; Lysine_840; Pep28_870; Lysozyme_990; MgCl_180; CaCl_780; CaCl_750; Caffeine_390; Lysozyme_330; Lysine_150; CaCl_420; LL37_930; Caffeine_1200; Lysine_450; BSA_720; Lysozyme_510; MgCl_330; BSA_1170; BSA_300; CaCl_1320; Caffeine_210; MgCl_1110; CaCl_900; Pep28_1020; Lysozyme_60; Lysine_570; Pep28_30; CaCl_330; MgCl_1080; BSA_630; CaCl_1230; Caffeine_360; Lysine_1290; MgCl_960; Lysine_630; CaCl_390; CaCl_1170; Lysine_900; Pep28_180; Caffeine_1170; LL37_690; Pep28_360; Pep28_1350; MgCl_840; CaCl_870; LL37_570; Lysine_210; LL37_960; CaCl_630; CaCl_990; Lysine_390; Lysozyme_300; Caffeine_540; Lysine_360; LL37_390; Lysozyme_1080; Lysozyme_30; Caffeine_600; CaCl_1140; Lysine_270; MgCl_30; Lysine_1230; LL37_330; BSA_1020; Pep28_510; Lysine_930; Lysine_780; Pep28_480; Pep28_1050; MgCl_1020; Lysine_330; CaCl_600; MgCl_1230; BSA_1350; Caffeine_750; MgCl_1140; Pep28_690; Pep28_570; Caffeine_180; BSA_180; BSA_270; Pep28_900; Caffeine_1230; MgCl_390; Caffeine_330; LL37_720; Caffeine_420; Lysozyme_270; MgCl_750; Pep28_60,C=1; class_weight=balanced; max_iter=2000; penalty=l2; solver=lbfgs,0.5347222222222222,53.47222222222222
5,Subject_2_Session4,Logistic Regression,85,Pep28_330; CaCl_30; CaCl_780; Pep28_120; CaCl_210; Lysine_840; MgCl_330; CaCl_330; MgCl_960; Caffeine_210; Pep28_1020; BSA_30; Lysine_150; Lysine_420; CaCl_750; MgCl_600; CaCl_390; MgCl_180; LL37_570; LL37_750; BSA_90; Lysine_570; Lysozyme_300; Lysozyme_1080; LL37_690; Lysozyme_720; Pep28_90; MgCl_510; MgCl_1080; CaCl_1140; BSA_720; LL37_960; CaCl_1230; Lysozyme_240; Pep28_180; MgCl_1020; Pep28_870; CaCl_690; LL37_630; Pep28_450; CaCl_420; Lysozyme_570; BSA_120; MgCl_150; CaCl_900; Caffeine_450; Pep28_30; Lysozyme_60; Lysine_630; Caffeine_30; MgCl_30; Caffeine_390; BSA_1170; Lysozyme_1350; Caffeine_1200; Lysozyme_990; Lysozyme_510; LL37_930; Pep28_1350; CaCl_1170; Caffeine_630; MgCl_1140; Caffeine_480; BSA_630; CaCl_120; LL37_1140; CaCl_870; CaCl_630; Caffeine_420; Lysozyme_450; Lysine_450; CaCl_180; CaCl_1320; Caffeine_360; BSA_300; Pep28_1230; Pep28_480; Lysozyme_360; Pep28_660; CaCl_480; Caffeine_810; CaCl_360; Pep28_900; BSA_1140; Lysine_1170,C=0.01; class_weight=None; max_iter=2000; penalty=l2; solver=lbfgs,0.5416666666666666,54.166666666666664
6,Subject_2_Session5,Logistic Regression,144,Lysine_150; Pep28_120; Lysine_840; MgCl_600; Caffeine_390; CaCl_780; Pep28_480; Lysine_420; Pep28_330; Pep28_30; LL37_930; CaCl_30; MgCl_30; CaCl_390; Lysozyme_990; Lysine_1110; Caffeine_210; MgCl_510; MgCl_180; LL37_390; CaCl_750; Lysine_330; MgCl_960; BSA_1140; Lysine_1230; Caffeine_1200; Lysozyme_60; MgCl_1140; CaCl_420; Pep28_150; MgCl_930; CaCl_900; BSA_420; BSA_300; Caffeine_150; CaCl_330; Lysine_630; BSA_1170; Caffeine_330; BSA_30; Pep28_90; Pep28_660; Pep28_690; LL37_630; CaCl_480; Pep28_270; Lysozyme_240; Caffeine_90; BSA_270; LL37_900; Caffeine_1320; BSA_630; LL37_870; Caffeine_540; LL37_690; Lysozyme_1350; Lysine_480; MgCl_1110; BSA_150; CaCl_690; Lysozyme_300; CaCl_1170; CaCl_210; Lysozyme_1110; BSA_90; BSA_120; Lysine_570; Pep28_570; Lysozyme_1080; Pep28_870; CaCl_1320; Pep28_900; Lysozyme_570; LL37_120; Pep28_1350; CaCl_870; CaCl_1020; CaCl_360; Pep28_1020; Lysine_540; Lysine_210; Pep28_180; Lysozyme_510; Caffeine_1050; LL37_960; MgCl_750; Caffeine_1260; Caffeine_1170; Lysine_1320; Lysozyme_1020; Lysozyme_660; Caffeine_450; Pep28_60; CaCl_540; CaCl_1080; Caffeine_180; Lysozyme_90; Caffeine_810; Lysine_30; Caffeine_360; Caffeine_30; MgCl_1080; CaCl_1350; Lysine_870; MgCl_390; BSA_810; Lysozyme_720; LL37_450; LL37_1290; Pep28_1110; CaCl_990; LL37_270; BSA_930; Caffeine_1020; CaCl_120; Pep28_510; Lysine_390; Lysozyme_840; BSA_1020; Pep28_360; LL37_840; MgCl_840; LL37_1020; LL37_750; MgCl_1020; Caffeine_270; LL37_660; Lysozyme_270; BSA_1320; BSA_720; MgCl_570; Lysine_930; LL37_1320; BSA_900; LL37_1200; Lysine_1290; Caffeine_480; Caffeine_630; MgCl_360; Lysozyme_1320; MgCl_1320; Lysine_720; Pep28_840; Pep28_1050,C=1; class_weight=None; max_iter=2000; penalty=l2; solver=lbfgs,0.4236111111111111,42.36111111111111
7,Subject_2_Session6,Logistic Regression,99,Pep28_330; CaCl_30; Pep28_120; Lysine_150; CaCl_210; Caffeine_210; MgCl_600; Pep28_1020; Pep28_90; CaCl_750; CaCl_780; Pep28_870; LL37_690; Lysine_840; CaCl_330; MgCl_510; MgCl_1020; Pep28_660; MgCl_960; Lysine_420; BSA_1170; CaCl_390; MgCl_390; CaCl_420; Caffeine_90; MgCl_1200; MgCl_1110; Lysozyme_330; Lysozyme_720; MgCl_750; Pep28_480; LL37_750; LL37_390; BSA_1140; Caffeine_1200; LL37_180; CaCl_1230; Lysozyme_990; LL37_570; CaCl_1170; BSA_300; MgCl_1080; Lysozyme_60; LL37_960; Pep28_1350; LL37_930; BSA_30; Pep28_900; Caffeine_390; Caffeine_480; MgCl_930; Lysozyme_510; Lysozyme_1080; Lysozyme_240; Caffeine_540; MgCl_330; CaCl_240; LL37_1140; Caffeine_420; MgCl_90; CaCl_1080; BSA_270; Lysine_1230; BSA_630; BSA_120; LL37_630; LL37_900; Lysine_450; MgCl_30; Caffeine_1170; MgCl_180; CaCl_960; LL37_1290; Lysine_330; Caffeine_150; MgCl_1260; BSA_420; Lysine_630; Lysine_1320; BSA_720; Caffeine_360; Caffeine_330; Lysine_210; Pep28_690; LL37_330; Caffeine_450; Lysozyme_1290; LL37_1020; Caffeine_180; LL37_660; Lysozyme_300; CaCl_870; LL37_720; Pep28_540; Lysine_930; MgCl_420; LL37_1260; MgCl_840; Caffeine_1050,C=0.1; class_weight=balanced; max_iter=2000; penalty=l2; solver=lbfgs,0.5208333333333334,52.083333333333336
8,Subject_2_Session7,Logistic Regression,82,Pep28_120; Pep28_330; CaCl_30; Lysine_150; Pep28_30; MgCl_510; Caffeine_210; MgCl_600; Lysine_420; CaCl_390; Pep28_480; CaCl_330; Lysine_840; CaCl_420; LL37_570; BSA_1170; CaCl_750; MgCl_1110; LL37_930; MgCl_1020; LL37_180; Pep28_870; CaCl_210; MgCl_960; BSA_30; Lysozyme_330; CaCl_1140; Pep28_90; Pep28_1020; Lysozyme_510; CaCl_870; LL37_840; MgCl_180; MgCl_930; MgCl_60; Lysine_210; Caffeine_480; LL37_750; LL37_690; Caffeine_540; Caffeine_450; CaCl_1230; CaCl_240; MgCl_840; BSA_630; LL37_630; LL37_1140; Pep28_1230; Pep28_1290; CaCl_900; LL37_390; Caffeine_390; Lysozyme_300; Caffeine_180; Pep28_900; Lysozyme_60; Caffeine_1200; CaCl_1170; Pep28_720; Lysozyme_1140; MgCl_90; Lysozyme_990; LL37_660; Lysozyme_570; MgCl_750; Pep28_60; Caffeine_90; Caffeine_630; CaCl_1320; Caffeine_1050; BSA_300; Lysozyme_1080; MgCl_330; BSA_1140; CaCl_780; Pep28_1320; Lysine_1230; Caffeine_360; CaCl_690; Lysine_330; Lysine_570; Lysine_1320,C=0.1; class_weight=balanced; l1_ratio=0.0; max_iter=2000; penalty=l2; solver=saga,0.5625,56.25
9,Subject_2_Session8,Logistic Regression,136,BSA_30; Pep28_330; Lysozyme_330; MgCl_600; CaCl_780; CaCl_330; Lysine_150; MgCl_960; MgCl_510; LL37_390; Pep28_1050; Lysozyme_510; Lysine_840; Lysine_420; Pep28_30; Caffeine_210; Pep28_1020; CaCl_420; Pep28_660; Pep28_480; BSA_300; CaCl_1200; Pep28_870; Lysozyme_720; LL37_690; CaCl_210; CaCl_1230; MgCl_1020; Pep28_900; Pep28_690; CaCl_240; Lysine_450; LL37_930; Lysine_570; Caffeine_1200; Lysine_630; MgCl_360; Caffeine_90; MgCl_300; MgCl_1110; Lysine_210; BSA_390; CaCl_900; Caffeine_450; Lysozyme_1080; MgCl_750; MgCl_1140; CaCl_690; Caffeine_30; Lysine_540; MgCl_690; MgCl_930; Caffeine_1050; BSA_90; CaCl_630; CaCl_1140; BSA_270; LL37_750; LL37_1320; CaCl_120; LL37_1200; BSA_630; BSA_1140; Caffeine_480; Lysozyme_1320; MgCl_150; CaCl_180; Pep28_720; Caffeine_1170; Lysozyme_660; LL37_1290; MgCl_1260; CaCl_750; Lysine_1230; CaCl_1020; BSA_600; Caffeine_630; Lysine_930; Caffeine_420; LL37_630; Lysozyme_240; Lysine_330; CaCl_390; CaCl_1080; Lysozyme_300; MgCl_90; BSA_690; Lysozyme_1200; Caffeine_390; Lysine_90; BSA_1170; Lysine_270; Lysine_390; CaCl_1170; LL37_870; Caffeine_180; MgCl_180; BSA_240; BSA_1320; Pep28_120; BSA_1020; CaCl_600; Caffeine_870; Pep28_780; Caffeine_540; Caffeine_360; LL37_960; Lysozyme_90; Caffeine_930; MgCl_780; Lysine_30; Lysozyme_450; BSA_420; Pep28_1200; Lysozyme_1290; Lysozyme_1110; CaCl_1260; Lysozyme_360; BSA_570; CaCl_1110; Pep28_1230; MgCl_660; LL37_900; Lysine_600; LL37_780; BSA_810; Lysine_480; LL37_660; Lysozyme_390; Pep28_210; Pep28_1350; Lysozyme_570; MgCl_30; Lysozyme_120; Pep28_1290; Lysozyme_1020,C=100; class_weight=balanced; max_iter=2000; penalty=l2; solver=lbfgs,0.5277777777777778,52.77777777777778
10,Subject_2_Session9,Logistic Regression,126,Pep28_330; MgCl_600; Pep28_480; CaCl_30; Caffeine_210; Pep28_120; Lysine_150; BSA_30; CaCl_330; Lysine_420; CaCl_780; LL37_930; Pep28_1020; CaCl_750; Caffeine_450; MgCl_180; Lysine_840; Pep28_30; CaCl_390; Lysozyme_330; MgCl_510; MgCl_960; Caffeine_390; MgCl_30; MgCl_1020; Pep28_870; BSA_1170; LL37_690; CaCl_210; Caffeine_540; Pep28_90; Lysozyme_1080; LL37_750; Pep28_660; Pep28_690; Lysine_570; Caffeine_1200; LL37_390; CaCl_1320; MgCl_1110; CaCl_420; BSA_120; Lysine_270; Lysine_450; CaCl_1140; CaCl_1230; LL37_570; Lysine_210; Pep28_1350; MgCl_330; Caffeine_150; Caffeine_90; MgCl_1140; BSA_300; CaCl_1170; CaCl_870; Caffeine_480; Lysozyme_570; Caffeine_420; Caffeine_1050; Lysozyme_60; Lysozyme_720; CaCl_900; MgCl_930; MgCl_750; Pep28_900; Lysine_390; BSA_420; Lysine_630; Pep28_1050; CaCl_690; BSA_90; Lysozyme_510; LL37_960; CaCl_240; BSA_1140; BSA_630; CaCl_1080; CaCl_360; Caffeine_360; Lysozyme_300; Caffeine_180; Lysine_30; MgCl_1170; LL37_180; Pep28_1200; LL37_870; BSA_270; Lysine_1320; MgCl_390; BSA_930; MgCl_1080; LL37_1140; Lysozyme_660; Caffeine_30; Lysine_330; Caffeine_630; MgCl_90; Lysine_1230; CaCl_630; LL37_630; Pep28_450; Lysozyme_1350; CaCl_600; Pep28_1290; LL37_330; CaCl_480; MgCl_840; BSA_1320; BSA_720; LL37_1290; Caffeine_1170; Caffeine_330; Lysozyme_990; LL37_840; Pep28_1230; LL37_900; Lysine_930; LL37_660; MgCl_150; MgCl_300; Lysine_600; LL37_120; Pep28_540; CaCl_180; LL37_720,C=1; class_weight=None; max_iter=2000; penalty=l2; solver=lbfgs,0.7222222222222222,72.22222222222221
1,Subject_2_Session1,LDA,62,Pep28_30; CaCl_30; LL37_570; CaCl_780; MgCl_330; Pep28_690; BSA_300; CaCl_330; LL37_690; Lysine_420; Lysine_390; Lysozyme_1080; Pep28_330; MgCl_600; Lysozyme_330; Caffeine_1170; Lysine_690; BSA_30; CaCl_600; Lysine_840; BSA_1170; Caffeine_390; MgCl_1170; Pep28_120; Pep28_1020; MgCl_30; CaCl_60; LL37_1140; Pep28_1230; Caffeine_30; Lysozyme_720; Caffeine_210; Lysozyme_300; MgCl_180; MgCl_1260; Caffeine_960; Lysozyme_60; CaCl_180; LL37_900; Lysozyme_450; CaCl_240; CaCl_870; CaCl_1170; MgCl_510; Lysine_450; LL37_120; LL37_1020; CaCl_1230; Caffeine_780; LL37_390; BSA_210; LL37_660; Caffeine_810; Lysozyme_240; Pep28_870; Lysine_1320; CaCl_750; LL37_930; Lysine_150; LL37_240; BSA_270; Pep28_1350,shrinkage=0.1; solver=lsqr,0.3888888888888889,38.88888888888889
2,Subject_2_Session10,LDA,101,Pep28_30; CaCl_30; Pep28_120; LL37_690; CaCl_390; MgCl_1110; MgCl_330; Lysine_390; CaCl_780; Lysine_420; MgCl_510; BSA_120; Pep28_870; CaCl_330; Caffeine_210; Lysozyme_1080; BSA_300; Lysozyme_330; CaCl_420; MgCl_930; Pep28_690; Caffeine_390; MgCl_600; LL37_570; BSA_630; Lysine_210; Pep28_1230; Lysine_150; CaCl_240; Caffeine_1200; BSA_720; Lysine_30; Lysine_1320; Lysozyme_60; Lysozyme_1260; LL37_1020; LL37_120; Lysozyme_720; CaCl_210; BSA_1170; Caffeine_810; Pep28_480; BSA_30; Caffeine_150; LL37_480; Lysine_930; Pep28_90; BSA_1020; Lysine_180; MgCl_30; Lysozyme_30; Caffeine_660; LL37_870; LL37_330; LL37_30; BSA_240; Caffeine_270; Caffeine_1170; LL37_930; Lysine_630; BSA_1050; MgCl_300; CaCl_990; Lysine_300; Lysine_960; BSA_60; CaCl_60; Lysozyme_570; CaCl_1320; Lysine_720; Lysine_690; CaCl_1230; LL37_450; LL37_660; CaCl_870; BSA_390; LL37_900; Lysine_60; MgCl_960; Lysozyme_180; Lysozyme_870; MgCl_150; Caffeine_1050; CaCl_1170; Pep28_330; Caffeine_480; LL37_840; Pep28_1350; MgCl_240; LL37_150; Lysine_330; Lysozyme_1320; BSA_420; Pep28_270; Caffeine_1350; LL37_960; CaCl_750; MgCl_60; BSA_1140; Pep28_210; Pep28_360,solver=svd,0.3333333333333333,33.33333333333333
3,Subject_2_Session2,LDA,93,Pep28_30; CaCl_30; CaCl_330; Caffeine_390; CaCl_420; MgCl_600; CaCl_390; MgCl_1110; BSA_30; CaCl_780; Pep28_330; Pep28_120; BSA_1170; Lysine_150; LL37_870; Caffeine_150; LL37_690; Lysine_690; MgCl_510; CaCl_240; Lysine_900; MgCl_960; Lysozyme_330; Pep28_870; Lysine_390; Lysozyme_720; Caffeine_450; Lysozyme_60; MgCl_930; MgCl_1020; Caffeine_210; LL37_960; MgCl_180; Lysine_450; Lysine_840; Lysine_420; Pep28_1230; Caffeine_30; Pep28_900; LL37_1260; Pep28_1020; Lysozyme_300; CaCl_60; BSA_120; Lysozyme_240; CaCl_180; Lysine_1320; LL37_120; Caffeine_420; Caffeine_1050; Pep28_630; MgCl_330; Lysine_270; LL37_1290; Pep28_360; CaCl_1170; MgCl_1170; Caffeine_1170; CaCl_210; BSA_300; Caffeine_90; Pep28_1350; CaCl_1320; CaCl_870; CaCl_900; LL37_930; LL37_30; Pep28_480; MgCl_1140; Pep28_90; LL37_420; Caffeine_780; Pep28_1080; CaCl_990; BSA_1140; LL37_840; Lysine_870; LL37_1170; LL37_900; MgCl_30; BSA_1050; Lysozyme_1200; MgCl_1350; LL37_1140; Lysine_930; Pep28_660; Pep28_780; BSA_1020; MgCl_90; Lysine_630; Lysine_1230; Caffeine_720; CaCl_750,solver=svd,0.4722222222222222,47.22222222222222
4,Subject_2_Session3,LDA,89,BSA_30; Pep28_30; MgCl_600; CaCl_780; BSA_300; Pep28_120; CaCl_30; Pep28_330; CaCl_240; MgCl_330; LL37_690; CaCl_420; Lysine_840; LL37_570; Caffeine_390; MgCl_510; BSA_1170; MgCl_1110; Lysine_390; Lysozyme_60; Pep28_90; MgCl_930; CaCl_330; MgCl_840; Pep28_870; Lysine_450; CaCl_210; BSA_630; Lysine_30; Caffeine_1170; Lysozyme_1080; BSA_120; Lysine_150; MgCl_180; Lysine_930; Lysine_690; Lysine_420; Lysozyme_330; Lysozyme_510; Caffeine_1200; CaCl_1230; Pep28_360; CaCl_90; MgCl_300; CaCl_60; Caffeine_210; Caffeine_360; MgCl_30; Lysine_960; Lysine_330; Lysine_870; CaCl_1170; BSA_180; LL37_510; CaCl_390; LL37_30; Pep28_780; Lysozyme_30; Lysine_630; Lysine_270; LL37_1020; Lysozyme_300; LL37_900; CaCl_990; Lysine_900; MgCl_1170; Lysozyme_570; Lysine_360; BSA_270; Lysozyme_240; BSA_1350; Caffeine_660; Pep28_1350; Lysine_570; Lysozyme_180; MgCl_960; Caffeine_1320; Caffeine_1020; CaCl_750; MgCl_120; Caffeine_540; LL37_390; CaCl_1320; CaCl_630; Lysozyme_990; LL37_1260; Caffeine_330; Caffeine_1230; MgCl_750,shrinkage=0.1; solver=lsqr,0.5138888888888888,51.388888888888886
5,Subject_2_Session4,LDA,94,Pep28_30; Lysine_840; CaCl_30; MgCl_330; CaCl_330; CaCl_390; LL37_570; Pep28_330; CaCl_780; Pep28_120; Lysine_420; LL37_690; Lysozyme_240; BSA_30; MgCl_960; Lysozyme_1080; CaCl_420; CaCl_210; MgCl_510; MgCl_600; BSA_300; Caffeine_390; BSA_840; Lysozyme_450; LL37_930; BSA_1170; CaCl_360; CaCl_120; Lysine_150; Pep28_1230; Caffeine_30; Lysine_690; CaCl_60; Caffeine_210; Lysozyme_60; Lysine_390; CaCl_870; LL37_1140; CaCl_1230; BSA_120; Lysozyme_300; MgCl_1110; LL37_1290; CaCl_1200; Pep28_870; CaCl_750; MgCl_1140; Pep28_90; BSA_1020; Lysozyme_1020; BSA_630; CaCl_180; MgCl_180; Lysozyme_570; LL37_330; Lysine_630; Lysine_1260; Pep28_420; Lysozyme_330; Caffeine_810; Lysozyme_810; LL37_750; Lysozyme_510; LL37_1020; Lysozyme_1350; Lysine_870; Caffeine_960; Lysine_450; Pep28_1200; Caffeine_450; Lysozyme_180; Lysine_270; LL37_840; LL37_960; MgCl_660; Lysozyme_720; Lysine_570; Pep28_450; CaCl_1170; Caffeine_420; Caffeine_480; Pep28_1020; Lysine_1320; Pep28_1350; CaCl_630; LL37_420; MgCl_300; Caffeine_90; Lysine_900; MgCl_150; CaCl_1140; Pep28_180; Lysine_120; CaCl_900,solver=svd,0.5069444444444444,50.69444444444444
6,Subject_2_Session5,LDA,62,Pep28_30; Pep28_120; Lysine_150; Caffeine_390; BSA_300; CaCl_390; CaCl_780; Lysine_840; LL37_690; MgCl_600; MgCl_1110; LL37_870; MgCl_30; Pep28_330; CaCl_420; BSA_270; MgCl_1140; LL37_900; Lysozyme_240; Lysine_420; MgCl_960; Lysine_390; CaCl_30; MgCl_930; Caffeine_210; Caffeine_1170; LL37_270; LL37_390; Lysozyme_60; Caffeine_540; Lysine_1110; CaCl_360; Pep28_480; Caffeine_1320; LL37_1290; LL37_120; BSA_240; CaCl_330; Caffeine_30; BSA_1170; Lysozyme_1080; Caffeine_1200; MgCl_180; CaCl_1170; MgCl_510; Lysine_1230; CaCl_900; Caffeine_810; Caffeine_330; Pep28_270; CaCl_120; Caffeine_150; BSA_630; CaCl_870; CaCl_750; Pep28_360; Caffeine_1050; BSA_1140; Lysozyme_810; CaCl_210; Pep28_60; Lysine_330,solver=svd,0.4375,43.75
7,Subject_2_Session6,LDA,63,CaCl_30; Lysine_150; Pep28_30; BSA_300; MgCl_600; Caffeine_210; CaCl_330; CaCl_390; Lysine_840; LL37_690; CaCl_780; MgCl_1110; Pep28_330; Pep28_120; CaCl_210; BSA_1170; MgCl_330; Pep28_870; MgCl_960; CaCl_420; LL37_570; Pep28_90; Lysozyme_330; Lysozyme_240; Caffeine_390; MgCl_390; Lysine_420; MgCl_510; MgCl_750; Lysozyme_1080; Lysine_1230; Lysine_330; CaCl_1080; Caffeine_1200; LL37_180; Lysine_690; BSA_120; CaCl_1230; Lysozyme_300; Caffeine_540; CaCl_1200; LL37_330; Caffeine_90; CaCl_1170; Lysine_1320; CaCl_750; Caffeine_1170; Lysozyme_720; Lysine_390; BSA_270; Lysozyme_510; Caffeine_810; LL37_1290; LL37_1020; Caffeine_150; CaCl_870; Pep28_1230; Pep28_1020; Caffeine_720; LL37_1260; CaCl_60; Lysozyme_60; Pep28_480,solver=svd,0.6319444444444444,63.19444444444444
8,Subject_2_Session7,LDA,137,LL37_570; Pep28_30; CaCl_30; BSA_300; Pep28_120; MgCl_1110; CaCl_390; Lysine_840; CaCl_420; MgCl_600; LL37_690; Caffeine_210; Pep28_330; Lysine_420; CaCl_330; MgCl_510; Lysine_150; BSA_30; Lysine_390; LL37_390; BSA_1170; MgCl_330; CaCl_1170; Pep28_1230; LL37_1290; Pep28_480; Lysine_270; MgCl_930; Lysozyme_330; LL37_840; Caffeine_1170; Pep28_870; Caffeine_390; Lysozyme_300; Lysozyme_1080; Lysine_1320; Lysozyme_510; CaCl_240; Caffeine_810; MgCl_750; CaCl_870; CaCl_360; MgCl_960; BSA_630; Lysine_300; LL37_870; Lysozyme_450; BSA_240; MgCl_180; Lysine_330; MgCl_300; Lysine_1230; Caffeine_540; CaCl_750; MgCl_840; Pep28_360; Lysine_120; Lysine_930; Caffeine_1050; LL37_330; LL37_930; MgCl_1170; LL37_180; Lysozyme_240; CaCl_60; Lysozyme_1020; LL37_60; Pep28_1020; Pep28_60; CaCl_1200; LL37_1260; Lysozyme_810; BSA_1050; CaCl_780; Caffeine_150; Lysozyme_60; Lysine_690; LL37_750; CaCl_210; Lysozyme_1200; MgCl_90; CaCl_1230; LL37_1140; BSA_1140; LL37_660; MgCl_60; Lysozyme_570; BSA_270; Lysine_870; Pep28_840; Caffeine_1350; Caffeine_720; Pep28_1290; Caffeine_1200; Lysozyme_870; LL37_120; CaCl_630; Caffeine_660; Pep28_90; Caffeine_480; CaCl_600; MgCl_1140; BSA_840; CaCl_1320; Lysine_1350; LL37_1020; CaCl_990; Caffeine_180; LL37_30; MgCl_1020; LL37_480; CaCl_480; LL37_270; MgCl_1350; LL37_1320; Lysine_180; Lysine_630; CaCl_900; Pep28_1200; Lysine_450; Caffeine_90; Caffeine_1020; Caffeine_780; LL37_630; Caffeine_420; BSA_1020; Lysozyme_660; LL37_960; Lysine_960; Pep28_420; CaCl_720; Caffeine_840; Lysozyme_990; MgCl_150; BSA_900; CaCl_690; Pep28_1320,solver=svd,0.75,75.0
9,Subject_2_Session8,LDA,153,BSA_30; BSA_300; Pep28_30; Caffeine_30; CaCl_420; MgCl_600; Pep28_330; LL37_690; CaCl_780; Lysozyme_1080; Lysozyme_330; CaCl_330; Lysine_840; Pep28_1050; MgCl_960; Lysozyme_720; MgCl_1110; CaCl_1200; CaCl_1230; LL37_870; CaCl_240; Lysine_420; BSA_270; Lysine_150; MgCl_510; Lysozyme_30; MgCl_300; Caffeine_1170; MgCl_1140; CaCl_120; BSA_240; Lysozyme_510; LL37_660; Lysine_330; Caffeine_90; Caffeine_450; LL37_270; Pep28_870; LL37_900; MgCl_1170; CaCl_390; Lysine_390; BSA_90; Lysine_180; LL37_30; MgCl_930; LL37_390; Lysozyme_570; BSA_1170; Caffeine_210; Caffeine_60; Lysine_450; LL37_1200; Pep28_660; CaCl_210; BSA_630; CaCl_180; Lysozyme_120; Lysine_870; CaCl_30; Pep28_420; MgCl_750; Lysozyme_1050; Lysine_1320; Pep28_1290; Lysine_600; LL37_1260; BSA_480; MgCl_1020; Lysine_60; Caffeine_1050; Pep28_1020; Pep28_210; Pep28_480; Lysine_90; LL37_750; CaCl_810; Lysozyme_150; Pep28_780; LL37_780; Lysine_690; Lysozyme_1200; Lysine_570; Lysozyme_810; LL37_840; Lysine_930; Lysine_270; LL37_1290; MgCl_390; MgCl_30; CaCl_630; LL37_510; LL37_180; CaCl_870; Pep28_1230; Lysozyme_1320; Caffeine_1230; CaCl_1170; Pep28_900; Caffeine_390; LL37_1020; MgCl_180; Pep28_690; MgCl_360; Lysine_630; Pep28_120; MgCl_60; LL37_1320; MgCl_450; Caffeine_1200; Pep28_360; LL37_360; Pep28_1110; LL37_930; MgCl_1260; BSA_720; Lysine_1230; CaCl_900; Caffeine_540; Pep28_450; Lysozyme_360; Lysine_120; MgCl_150; LL37_1080; Lysozyme_390; LL37_150; Lysozyme_300; Lysozyme_240; CaCl_930; Lysozyme_1290; LL37_1050; Caffeine_1350; CaCl_1260; MgCl_330; BSA_1050; Caffeine_870; BSA_1020; LL37_570; CaCl_750; Pep28_150; Pep28_1350; Caffeine_1020; MgCl_780; BSA_840; LL37_450; Pep28_1320; Pep28_1200; Lysozyme_1020; LL37_630; BSA_600; CaCl_360; BSA_210; CaCl_1350,solver=svd,0.4444444444444444,44.44444444444444
10,Subject_2_Session9,LDA,116,Pep28_30; BSA_30; MgCl_600; CaCl_390; Pep28_330; LL37_690; BSA_300; CaCl_30; CaCl_330; Caffeine_210; Lysine_840; Pep28_120; Caffeine_390; MgCl_330; Lysine_390; LL37_570; Lysozyme_1080; Lysine_420; Lysine_150; CaCl_780; BSA_1170; MgCl_1110; CaCl_420; CaCl_60; Pep28_870; Lysine_690; CaCl_360; MgCl_960; Caffeine_1170; LL37_930; Lysozyme_330; Pep28_1230; Caffeine_450; Lysozyme_60; CaCl_1170; MgCl_1170; MgCl_180; MgCl_30; Pep28_480; Caffeine_150; CaCl_1230; MgCl_930; Caffeine_30; LL37_1290; Lysine_870; BSA_270; Lysozyme_720; Lysine_1320; MgCl_510; CaCl_750; Caffeine_1200; LL37_390; Lysine_270; MgCl_1140; Lysine_450; Lysine_570; BSA_120; Pep28_450; Lysine_630; LL37_660; LL37_870; LL37_270; CaCl_120; CaCl_1320; LL37_900; Lysozyme_570; BSA_630; Caffeine_1050; CaCl_870; Lysozyme_210; Lysine_180; Pep28_1350; Caffeine_810; LL37_120; Pep28_1050; LL37_1260; CaCl_210; Pep28_90; MgCl_750; Pep28_1290; Caffeine_180; Lysine_330; Pep28_1200; Caffeine_540; Pep28_1020; LL37_840; Lysine_30; MgCl_300; Pep28_690; CaCl_240; Lysozyme_810; LL37_30; LL37_60; Lysozyme_300; Lysozyme_510; CaCl_1200; Pep28_360; LL37_960; Lysine_930; CaCl_1080; MgCl_1020; LL37_750; LL37_180; LL37_330; CaCl_180; Caffeine_90; Lysine_1230; MgCl_720; Lysozyme_180; LL37_1020; LL37_1140; MgCl_840; Caffeine_360; Caffeine_420; Lysozyme_240; Caffeine_330,solver=svd,0.4027777777777778,40.27777777777778
1,Subject_2_Session1,XGBoost,24,Pep28_210; Lysozyme_720; BSA_240; Lysine_120; LL37_720; MgCl_960; MgCl_1020; Pep28_810; LL37_870; MgCl_1080; Pep28_930; MgCl_510; BSA_300; BSA_30; Pep28_1230; Pep28_330; CaCl_570; Pep28_270; Lysozyme_420; Lysozyme_540; CaCl_30; LL37_840; Pep28_1350; Pep28_30,colsample_bytree=0.8; learning_rate=0.1; max_depth=3; n_estimators=200; subsample=0.8,0.625,62.5
2,Subject_2_Session10,XGBoost,29,CaCl_900; BSA_270; BSA_510; Pep28_1350; Lysozyme_240; MgCl_960; MgCl_1080; Pep28_210; BSA_630; Caffeine_1200; MgCl_30; Lysozyme_1260; Lysine_210; LL37_450; Pep28_930; LL37_300; LL37_90; LL37_960; Lysozyme_720; BSA_30; CaCl_1170; Caffeine_540; Pep28_30; Lysozyme_570; Lysine_270; Pep28_1050; CaCl_30; MgCl_510; Lysine_420,colsample_bytree=0.8; learning_rate=0.1; max_depth=3; n_estimators=400; subsample=1.0,0.5763888888888888,57.638888888888886
3,Subject_2_Session2,XGBoost,34,BSA_1320; CaCl_420; Lysozyme_720; Pep28_240; MgCl_510; Lysozyme_450; MgCl_960; Lysozyme_1110; CaCl_1350; Lysine_1290; Lysine_690; CaCl_300; Pep28_150; Pep28_1050; BSA_30; Lysine_60; MgCl_1110; MgCl_840; MgCl_570; CaCl_810; Lysine_480; MgCl_1050; Lysozyme_150; Pep28_1350; CaCl_600; BSA_600; CaCl_900; Caffeine_840; BSA_510; CaCl_330; Pep28_330; Pep28_30; Lysozyme_420; Pep28_660,colsample_bytree=1.0; learning_rate=0.2; max_depth=5; n_estimators=100; subsample=1.0,0.5069444444444444,50.69444444444444
4,Subject_2_Session3,XGBoost,33,Pep28_120; CaCl_420; MgCl_1050; CaCl_900; MgCl_1080; Lysine_180; MgCl_960; Pep28_270; Lysine_30; LL37_90; MgCl_780; LL37_1230; Caffeine_270; BSA_30; MgCl_1110; CaCl_240; Pep28_1020; BSA_240; Pep28_1050; MgCl_510; CaCl_1080; CaCl_1230; Pep28_960; LL37_1350; MgCl_180; Pep28_30; Pep28_510; MgCl_930; Lysozyme_150; Pep28_210; Pep28_180; CaCl_30; Pep28_480,colsample_bytree=0.8; learning_rate=0.1; max_depth=7; n_estimators=400; subsample=0.8,0.6319444444444444,63.19444444444444
5,Subject_2_Session4,XGBoost,20,Lysozyme_720; CaCl_240; CaCl_960; MgCl_1080; Pep28_30; CaCl_90; MgCl_960; LL37_1020; CaCl_900; LL37_90; BSA_1020; Pep28_1350; LL37_150; Pep28_330; CaCl_420; CaCl_1230; BSA_30; Lysozyme_450; BSA_390; Pep28_930,colsample_bytree=0.8; learning_rate=0.2; max_depth=5; n_estimators=100; subsample=1.0,0.4652777777777778,46.52777777777778
6,Subject_2_Session5,XGBoost,64,Caffeine_1200; Lysozyme_150; LL37_840; MgCl_960; MgCl_690; LL37_90; Lysozyme_900; BSA_30; CaCl_420; MgCl_1020; CaCl_240; Lysozyme_90; LL37_630; LL37_450; Pep28_1050; Pep28_30; CaCl_900; LL37_930; CaCl_1200; LL37_960; Caffeine_180; Lysozyme_720; BSA_1140; Pep28_330; Pep28_690; Lysine_30; Caffeine_1170; CaCl_690; Caffeine_30; CaCl_600; LL37_120; CaCl_30; Caffeine_1320; MgCl_240; BSA_510; MgCl_570; Lysine_630; BSA_270; Pep28_390; Pep28_90; Lysozyme_60; MgCl_720; Lysine_210; CaCl_720; MgCl_780; MgCl_510; Lysine_270; CaCl_780; Lysozyme_1110; Pep28_270; MgCl_1320; CaCl_180; Lysozyme_1320; Caffeine_1290; MgCl_990; Pep28_510; Lysozyme_1290; Pep28_480; Lysine_1290; Lysine_420; Pep28_1170; Pep28_120; LL37_690; LL37_390,colsample_bytree=1.0; learning_rate=0.1; max_depth=3; n_estimators=400; subsample=0.8,0.5763888888888888,57.638888888888886
7,Subject_2_Session6,XGBoost,30,Lysozyme_120; LL37_570; LL37_1080; Lysozyme_720; Caffeine_180; MgCl_960; Pep28_510; MgCl_1080; Caffeine_1200; Pep28_390; Pep28_1080; Pep28_120; BSA_30; MgCl_510; CaCl_390; Pep28_210; CaCl_330; BSA_810; CaCl_420; BSA_1110; CaCl_720; MgCl_930; BSA_240; Pep28_330; MgCl_840; Lysozyme_540; MgCl_1290; CaCl_30; Pep28_30; Lysozyme_1020,colsample_bytree=0.8; learning_rate=0.2; max_depth=3; n_estimators=100; subsample=1.0,0.7291666666666666,72.91666666666666
8,Subject_2_Session7,XGBoost,57,Pep28_1350; CaCl_120; MgCl_960; Lysozyme_810; CaCl_900; LL37_450; MgCl_210; MgCl_510; LL37_480; Pep28_1230; Lysine_210; BSA_1110; MgCl_300; Pep28_510; MgCl_930; LL37_90; CaCl_1230; CaCl_30; MgCl_840; Lysine_480; Pep28_30; Lysozyme_1050; Lysine_270; Caffeine_180; Lysozyme_720; LL37_360; Pep28_930; LL37_1290; Caffeine_360; MgCl_570; MgCl_750; Pep28_1200; CaCl_780; CaCl_810; LL37_240; Lysine_1140; BSA_30; CaCl_210; BSA_1080; CaCl_420; CaCl_330; LL37_900; Pep28_900; Caffeine_1200; Lysine_840; Caffeine_630; Lysozyme_420; LL37_60; CaCl_300; Pep28_1110; LL37_930; CaCl_630; Pep28_330; BSA_510; Caffeine_390; MgCl_1290; CaCl_1290,colsample_bytree=0.8; learning_rate=0.1; max_depth=5; n_estimators=200; subsample=0.8,0.7083333333333334,70.83333333333334
9,Subject_2_Session8,XGBoost,52,MgCl_960; LL37_150; Lysozyme_720; Lysozyme_1350; LL37_90; Pep28_1200; Lysozyme_420; CaCl_600; CaCl_900; CaCl_420; CaCl_1200; MgCl_570; Lysine_1200; Pep28_690; Lysine_180; LL37_540; Pep28_1050; Pep28_330; Caffeine_570; BSA_30; LL37_360; Lysozyme_1050; MgCl_510; CaCl_840; Pep28_150; Pep28_180; CaCl_1230; BSA_600; LL37_300; MgCl_270; MgCl_1200; MgCl_1080; Pep28_1260; CaCl_690; BSA_90; BSA_210; MgCl_420; Lysozyme_510; MgCl_930; MgCl_1020; Pep28_930; CaCl_720; Caffeine_180; MgCl_1290; Pep28_210; MgCl_780; Pep28_30; BSA_990; CaCl_570; Lysine_90; Lysine_840; CaCl_60,colsample_bytree=1.0; learning_rate=0.1; max_depth=5; n_estimators=100; subsample=1.0,0.4513888888888889,45.13888888888889
10,Subject_2_Session9,XGBoost,88,BSA_480; MgCl_300; Lysozyme_720; MgCl_960; Lysine_540; Pep28_270; Pep28_30; BSA_390; LL37_570; CaCl_840; CaCl_270; LL37_90; BSA_330; Pep28_390; BSA_30; CaCl_420; LL37_840; Caffeine_360; BSA_270; Pep28_1200; MgCl_270; Lysine_30; Lysine_1290; BSA_990; Lysozyme_810; Pep28_330; LL37_240; CaCl_600; Pep28_210; Lysozyme_660; CaCl_1230; CaCl_30; Pep28_1350; CaCl_960; CaCl_1350; Lysozyme_930; MgCl_840; Pep28_690; Lysine_1110; MgCl_1080; Lysozyme_1290; Pep28_1140; Lysine_270; MgCl_60; Lysozyme_540; CaCl_120; MgCl_600; Lysine_360; Pep28_120; Lysine_1140; Lysine_480; Lysine_510; BSA_420; Pep28_720; BSA_210; MgCl_1230; LL37_30; Pep28_630; CaCl_300; CaCl_1320; CaCl_240; Lysine_420; MgCl_1110; Pep28_1320; MgCl_1020; MgCl_510; LL37_900; Caffeine_390; Pep28_1170; CaCl_330; MgCl_780; MgCl_750; MgCl_930; CaCl_1050; Lysine_450; CaCl_1200; Pep28_840; Pep28_870; LL37_930; BSA_1320; Lysine_390; CaCl_900; CaCl_630; CaCl_810; BSA_1080; Pep28_930; BSA_450; Pep28_510,colsample_bytree=0.8; learning_rate=0.1; max_depth=3; n_estimators=400; subsample=0.8,0.7361111111111112,73.61111111111111
