Model,Stage,Class,Precision,Recall,F1-score,Support,Accuracy,MacroF1,PositiveClassF1,Sensitivity,Specificity
Logistic Regression,Baseline,CoNS-Spiked,0.4816285998013903,0.46455938697318006,0.47294002925402245,2088.0,,,,,
Logistic Regression,Baseline,S. aureus-Spiked,0.4995523724261415,0.5166666666666667,0.5079654073736914,2160.0,,,,,
Logistic Regression,Baseline,accuracy,0.4910546139359699,0.4910546139359699,0.4910546139359699,0.4910546139359699,0.4910546139359699,0.49045271831385695,0.5079654073736914,0.5166666666666667,0.46455938697318006
Logistic Regression,Baseline,macro avg,0.4905904861137659,0.49061302681992336,0.49045271831385695,4248.0,,,,,
Logistic Regression,Baseline,weighted avg,0.49074238249194174,0.4910546139359699,0.4907495435521592,4248.0,,,,,
Logistic Regression,Top Features,CoNS-Spiked,0.5208012326656395,0.48563218390804597,0.5026022304832714,2088.0,,,,,
Logistic Regression,Top Features,S. aureus-Spiked,0.5332464146023468,0.5680555555555555,0.5501008742434432,2160.0,,,,,
Logistic Regression,Top Features,accuracy,0.527542372881356,0.527542372881356,0.527542372881356,0.527542372881356,0.527542372881356,0.5263515523633573,0.5501008742434432,0.5680555555555555,0.48563218390804597
Logistic Regression,Top Features,macro avg,0.5270238236339931,0.5268438697318008,0.5263515523633573,4248.0,,,,,
Logistic Regression,Top Features,weighted avg,0.5271292912775245,0.527542372881356,0.5267540832426807,4248.0,,,,,
Logistic Regression,Tuned,CoNS-Spiked,0.5204918032786885,0.48659003831417624,0.502970297029703,2088.0,,,,,
Logistic Regression,Tuned,S. aureus-Spiked,0.5331010452961672,0.5666666666666667,0.5493716337522442,2160.0,,,,,
Logistic Regression,Tuned,accuracy,0.527306967984934,0.527306967984934,0.527306967984934,0.527306967984934,0.527306967984934,0.5261709653909736,0.5493716337522442,0.5666666666666667,0.48659003831417624
Logistic Regression,Tuned,macro avg,0.5267964242874279,0.5266283524904214,0.5261709653909736,4248.0,,,,,
Logistic Regression,Tuned,weighted avg,0.5269032822706268,0.527306967984934,0.5265641970581139,4248.0,,,,,
LDA,Baseline,CoNS-Spiked,0.49067070095814425,0.46599616858237547,0.47801522967329896,2088.0,,,,,
LDA,Baseline,S. aureus-Spiked,0.5077262693156733,0.5324074074074074,0.519774011299435,2160.0,,,,,
LDA,Baseline,accuracy,0.4997645951035782,0.4997645951035782,0.4997645951035782,0.4997645951035782,0.4997645951035782,0.498894620486367,0.519774011299435,0.5324074074074074,0.46599616858237547
LDA,Baseline,macro avg,0.4991984851369088,0.49920178799489145,0.498894620486367,4248.0,,,,,
LDA,Baseline,weighted avg,0.4993430238518031,0.4997645951035782,0.4992485084662495,4248.0,,,,,
LDA,Top Features,CoNS-Spiked,0.5163766632548619,0.48323754789272033,0.49925779317169716,2088.0,,,,,
LDA,Top Features,S. aureus-Spiked,0.529642545771578,0.5625,0.5455770094297261,2160.0,,,,,
LDA,Top Features,accuracy,0.5235404896421846,0.5235404896421846,0.5235404896421846,0.5235404896421846,0.5235404896421846,0.5224174013007117,0.5455770094297261,0.5625,0.48323754789272033
LDA,Top Features,macro avg,0.52300960451322,0.5228687739463602,0.5224174013007117,4248.0,,,,,
LDA,Top Features,weighted avg,0.5231220272464124,0.5235404896421846,0.5228099370317119,4248.0,,,,,
LDA,Tuned,CoNS-Spiked,0.5148110316649642,0.4827586206896552,0.4982698961937716,2088.0,,,,,
LDA,Tuned,S. aureus-Spiked,0.5283842794759825,0.5601851851851852,0.5438202247191011,2160.0,,,,,
LDA,Tuned,accuracy,0.5221280602636534,0.5221280602636534,0.5221280602636534,0.5221280602636534,0.5221280602636534,0.5210450604564363,0.5438202247191011,0.5601851851851852,0.4827586206896552
LDA,Tuned,macro avg,0.5215976555704733,0.5214719029374202,0.5210450604564363,4248.0,,,,,
LDA,Tuned,weighted avg,0.5217126830942955,0.5221280602636534,0.5214310801897019,4248.0,,,,,
SVM,Baseline,CoNS-Spiked,0.5102040816326531,0.5268199233716475,0.5183788878416589,2088.0,,,,,
SVM,Baseline,S. aureus-Spiked,0.5277246653919694,0.5111111111111111,0.5192850423330198,2160.0,,,,,
SVM,Baseline,accuracy,0.5188323917137476,0.5188323917137476,0.5188323917137476,0.5188323917137476,0.5188323917137476,0.5188319650873393,0.5192850423330198,0.5111111111111111,0.5268199233716475
SVM,Baseline,macro avg,0.5189643735123113,0.5189655172413793,0.5188319650873393,4248.0,,,,,
SVM,Baseline,weighted avg,0.5191128530356953,0.5188323917137476,0.5188396443626899,4248.0,,,,,
SVM,Top Features,CoNS-Spiked,0.5324027916251246,0.5114942528735632,0.5217391304347826,2088.0,,,,,
SVM,Top Features,S. aureus-Spiked,0.5450490633363069,0.5657407407407408,0.5552021808268969,2160.0,,,,,
SVM,Top Features,accuracy,0.5390772128060264,0.5390772128060264,0.5390772128060264,0.5390772128060264,0.5390772128060264,0.5384706556308397,0.5552021808268969,0.5657407407407408,0.5114942528735632
SVM,Top Features,macro avg,0.5387259274807157,0.538617496807152,0.5384706556308397,4248.0,,,,,
SVM,Top Features,weighted avg,0.5388330992748782,0.5390772128060264,0.5387542408036542,4248.0,,,,,
SVM,Tuned,CoNS-Spiked,0.5433526011560693,0.4952107279693487,0.5181658732147332,2088.0,,,,,
SVM,Tuned,S. aureus-Spiked,0.5505330490405117,0.5976851851851852,0.5731409544950056,2160.0,,,,,
SVM,Tuned,accuracy,0.547316384180791,0.547316384180791,0.547316384180791,0.547316384180791,0.547316384180791,0.5456534138548694,0.5731409544950056,0.5976851851851852,0.4952107279693487
SVM,Tuned,macro avg,0.5469428250982905,0.546447956577267,0.5456534138548694,4248.0,,,,,
SVM,Tuned,weighted avg,0.5470036763515486,0.547316384180791,0.5461193043741938,4248.0,,,,,
Random Forest,Baseline,CoNS-Spiked,0.4642512077294686,0.46024904214559387,0.46224146224146223,2088.0,,,,,
Random Forest,Baseline,S. aureus-Spiked,0.4825528007346189,0.48657407407407405,0.48455509451360074,2160.0,,,,,
Random Forest,Baseline,accuracy,0.4736346516007533,0.4736346516007533,0.4736346516007533,0.4736346516007533,0.4736346516007533,0.47339827837753146,0.48455509451360074,0.48657407407407405,0.46024904214559387
Random Forest,Baseline,macro avg,0.47340200423204376,0.47341155810983393,0.47339827837753146,4248.0,,,,,
Random Forest,Baseline,weighted avg,0.47355710247785016,0.4736346516007533,0.4735873769561089,4248.0,,,,,
Random Forest,Top Features,CoNS-Spiked,0.4569691300280636,0.467911877394636,0.46237576904874583,2088.0,,,,,
Random Forest,Top Features,S. aureus-Spiked,0.47345971563981043,0.4625,0.4679156908665105,2160.0,,,,,
Random Forest,Top Features,accuracy,0.4651600753295669,0.4651600753295669,0.4651600753295669,0.4651600753295669,0.4651600753295669,0.46514572995762815,0.4679156908665105,0.4625,0.467911877394636
Random Forest,Top Features,macro avg,0.465214422833937,0.465205938697318,0.46514572995762815,4248.0,,,,,
Random Forest,Top Features,weighted avg,0.4653541735594603,0.4651600753295669,0.46519267844760925,4248.0,,,,,
Random Forest,Tuned,CoNS-Spiked,0.45091592296852984,0.45977011494252873,0.4552999762864596,2088.0,,,,,
Random Forest,Tuned,S. aureus-Spiked,0.4676734308636149,0.4587962962962963,0.46319233465763027,2160.0,,,,,
Random Forest,Tuned,accuracy,0.4592749529190207,0.4592749529190207,0.4592749529190207,0.4592749529190207,0.4592749529190207,0.45924615547204495,0.46319233465763027,0.4587962962962963,0.45977011494252873
Random Forest,Tuned,macro avg,0.4592946769160724,0.4592832056194125,0.45924615547204495,4248.0,,,,,
Random Forest,Tuned,weighted avg,0.4594366896948443,0.4592749529190207,0.459313039865021,4248.0,,,,,
XGBoost,Baseline,CoNS-Spiked,0.46366427840327534,0.4339080459770115,0.4482929242949035,2088.0,,,,,
XGBoost,Baseline,S. aureus-Spiked,0.4847428073234525,0.5148148148148148,0.4993264481365065,2160.0,,,,,
XGBoost,Baseline,accuracy,0.4750470809792844,0.4750470809792844,0.4750470809792844,0.4750470809792844,0.4750470809792844,0.473809686215705,0.4993264481365065,0.5148148148148148,0.4339080459770115
XGBoost,Baseline,macro avg,0.4742035428633639,0.47436143039591316,0.473809686215705,4248.0,,,,,
XGBoost,Baseline,weighted avg,0.4743821744643823,0.4750470809792844,0.4742421737058881,4248.0,,,,,
XGBoost,Top Features,CoNS-Spiked,0.45760233918128657,0.44971264367816094,0.45362318840579713,2088.0,,,,,
XGBoost,Top Features,S. aureus-Spiked,0.476775956284153,0.4847222222222222,0.4807162534435262,2160.0,,,,,
XGBoost,Top Features,accuracy,0.4675141242937853,0.4675141242937853,0.4675141242937853,0.4675141242937853,0.4675141242937853,0.4671697209246617,0.4807162534435262,0.4847222222222222,0.44971264367816094
XGBoost,Top Features,macro avg,0.4671891477327198,0.4672174329501916,0.4671697209246617,4248.0,,,,,
XGBoost,Top Features,weighted avg,0.4673516360132526,0.4675141242937853,0.4673993231707441,4248.0,,,,,
XGBoost,Tuned,CoNS-Spiked,0.452970297029703,0.4382183908045977,0.4454722492697176,2088.0,,,,,
XGBoost,Tuned,S. aureus-Spiked,0.4735188509874327,0.48842592592592593,0.4808568824065634,2160.0,,,,,
XGBoost,Tuned,accuracy,0.4637476459510358,0.4637476459510358,0.4637476459510358,0.4637476459510358,0.4637476459510358,0.4631645658381405,0.4808568824065634,0.48842592592592593,0.4382183908045977
XGBoost,Tuned,macro avg,0.46324457400856783,0.4633221583652618,0.4631645658381405,4248.0,,,,,
XGBoost,Tuned,weighted avg,0.4634187142963452,0.4637476459510358,0.46346443561048667,4248.0,,,,,
